Workbook

Sheet 售前选配单
A1: 车型售前选配模板
P2: =IF(AND(配置数据库!$C90="售前填写",INDEX(配置数据库!$G90:$AG90,1,MATCH($B$3,配置数据库!$G$8:$AG$8,0))<>""),SUMPRODUCT((配置数据库!$C$90:$C90="售前填写")*(INDEX(配置数据库!$G$90:$AG90,0,MATCH($B$3,配置数据库!$G$8:$AG$8,0))<>"")),"") -> 1 | Q2: =IF(AND(配置数据库!$C90="默认配置",INDEX(配置数据库!$G90:$AG90,1,MATCH($B$3,配置数据库!$G$8:$AG$8,0))<>""),SUMPRODUCT((配置数据库!$C$90:$C90="默认配置")*(INDEX(配置数据库!$G$90:$AG90,0,MATCH($B$3,配置数据库!$G$8:$AG$8,0))<>"")),"")
A3: 车型版本 | B3: Apex 2000-G CE | C3: 项目名称 | P3: =IF(AND(配置数据库!$C10="售前填写",INDEX(配置数据库!$G10:$AG10,1,MATCH($B$3,配置数据库!$G$8:$AG$8,0))<>""),SUMPRODUCT((配置数据库!$C$10:$C10="售前填写")*(INDEX(配置数据库!$G$10:$AG10,0,MATCH($B$3,配置数据库!$G$8:$AG$8,0))<>"")),"") -> 1 | Q3: =IF(AND(配置数据库!$C10="默认配置",INDEX(配置数据库!$G10:$AG10,1,MATCH($B$3,配置数据库!$G$8:$AG$8,0))<>""),SUMPRODUCT((配置数据库!$C$10:$C10="默认配置")*(INDEX(配置数据库!$G$10:$AG10,0,MATCH($B$3,配置数据库!$G$8:$AG$8,0))<>"")),"")
A4: 商机号 | C4: 车型数量 | P4: =IF(AND(配置数据库!#REF!="售前填写",INDEX(配置数据库!#REF!,1,MATCH($B$3,配置数据库!$G$8:$AG$8,0))<>""),SUMPRODUCT((配置数据库!$C$10:$C10="售前填写")*(INDEX(配置数据库!$G$10:$AG10,0,MATCH($B$3,配置数据库!$G$8:$AG$8,0))<>"")),"") -> #REF! | Q4: =IF(AND(配置数据库!#REF!="默认配置",INDEX(配置数据库!#REF!,1,MATCH($B$3,配置数据库!$G$8:$AG$8,0))<>""),SUMPRODUCT((配置数据库!$C$10:$C10="默认配置")*(INDEX(配置数据库!$G$10:$AG10,0,MATCH($B$3,配置数据库!$G$8:$AG$8,0))<>"")),"") -> #REF!
A5: 发货时间 | P5: =IF(AND(配置数据库!#REF!="售前填写",INDEX(配置数据库!#REF!,1,MATCH($B$3,配置数据库!$G$8:$AG$8,0))<>""),SUMPRODUCT((配置数据库!$C$10:$C10="售前填写")*(INDEX(配置数据库!$G$10:$AG10,0,MATCH($B$3,配置数据库!$G$8:$AG$8,0))<>"")),"") -> #REF! | Q5: =IF(AND(配置数据库!#REF!="默认配置",INDEX(配置数据库!#REF!,1,MATCH($B$3,配置数据库!$G$8:$AG$8,0))<>""),SUMPRODUCT((配置数据库!$C$10:$C10="默认配置")*(INDEX(配置数据库!$G$10:$AG10,0,MATCH($B$3,配置数据库!$G$8:$AG$8,0))<>"")),"") -> #REF!
A6: 使用说明 | B6: 配置项、默认值、展示分区和下拉选项均在“配置数据库”维护；黄色单元格为售前可填写/覆盖项。 | P6: =IF(AND(配置数据库!$C11="售前填写",INDEX(配置数据库!$G11:$AG11,1,MATCH($B$3,配置数据库!$G$8:$AG$8,0))<>""),SUMPRODUCT((配置数据库!$C$10:$C11="售前填写")*(INDEX(配置数据库!$G$10:$AG11,0,MATCH($B$3,配置数据库!$G$8:$AG$8,0))<>"")),"") -> 2 | Q6: =IF(AND(配置数据库!$C11="默认配置",INDEX(配置数据库!$G11:$AG11,1,MATCH($B$3,配置数据库!$G$8:$AG$8,0))<>""),SUMPRODUCT((配置数据库!$C$10:$C11="默认配置")*(INDEX(配置数据库!$G$10:$AG11,0,MATCH($B$3,配置数据库!$G$8:$AG$8,0))<>"")),"")
P7: =IF(AND(配置数据库!$C12="售前填写",INDEX(配置数据库!$G12:$AG12,1,MATCH($B$3,配置数据库!$G$8:$AG$8,0))<>""),SUMPRODUCT((配置数据库!$C$10:$C12="售前填写")*(INDEX(配置数据库!$G$10:$AG12,0,MATCH($B$3,配置数据库!$G$8:$AG$8,0))<>"")),"") -> 3 | Q7: =IF(AND(配置数据库!$C12="默认配置",INDEX(配置数据库!$G12:$AG12,1,MATCH($B$3,配置数据库!$G$8:$AG$8,0))<>""),SUMPRODUCT((配置数据库!$C$10:$C12="默认配置")*(INDEX(配置数据库!$G$10:$AG12,0,MATCH($B$3,配置数据库!$G$8:$AG$8,0))<>"")),"")
A8: 配置项 | B8: 配置/需求 | C8: 属性 | D8: 备注 | P8: =IF(AND(配置数据库!$C13="售前填写",INDEX(配置数据库!$G13:$AG13,1,MATCH($B$3,配置数据库!$G$8:$AG$8,0))<>""),SUMPRODUCT((配置数据库!$C$10:$C13="售前填写")*(INDEX(配置数据库!$G$10:$AG13,0,MATCH($B$3,配置数据库!$G$8:$AG$8,0))<>"")),"") | Q8: =IF(AND(配置数据库!$C13="默认配置",INDEX(配置数据库!$G13:$AG13,1,MATCH($B$3,配置数据库!$G$8:$AG$8,0))<>""),SUMPRODUCT((配置数据库!$C$10:$C13="默认配置")*(INDEX(配置数据库!$G$10:$AG13,0,MATCH($B$3,配置数据库!$G$8:$AG$8,0))<>"")),"")
A9: 售前填写区 | P9: =IF(AND(配置数据库!$C15="售前填写",INDEX(配置数据库!$G15:$AG15,1,MATCH($B$3,配置数据库!$G$8:$AG$8,0))<>""),SUMPRODUCT((配置数据库!$C$10:$C15="售前填写")*(INDEX(配置数据库!$G$10:$AG15,0,MATCH($B$3,配置数据库!$G$8:$AG$8,0))<>"")),"") | Q9: =IF(AND(配置数据库!$C15="默认配置",INDEX(配置数据库!$G15:$AG15,1,MATCH($B$3,配置数据库!$G$8:$AG$8,0))<>""),SUMPRODUCT((配置数据库!$C$10:$C15="默认配置")*(INDEX(配置数据库!$G$10:$AG15,0,MATCH($B$3,配置数据库!$G$8:$AG$8,0))<>"")),"")
A10: =IFERROR(INDEX(配置数据库!$A:$A,MATCH(1,$P:$P,0)),"") -> 项目名称 | B10: =IF($A10="","",IFERROR(LEFT(SUBSTITUTE(IFERROR(INDEX(配置数据库!$G:$AG,MATCH(1,$P:$P,0),MATCH($B$3,配置数据库!$G$8:$AG$8,0)),""),";","；"),FIND("；",SUBSTITUTE(IFERROR(INDEX(配置数据库!$G:$AG,MATCH(1,$P:$P,0),MATCH($B$3,配置数据库!$G$8:$AG$8,0)),""),";","；"))-1),IFERROR(INDEX(配置数据库!$G:$AG,MATCH(1,$P:$P,0),MATCH($B$3,配置数据库!$G$8:$AG$8,0)),""))) -> 0 | C10: =IF($A10="","","售前填写") -> 售前填写 | D10: =IF($A10="","",IFERROR(INDEX(配置数据库!$B:$B,MATCH(1,$P:$P,0)),"")) -> 0 | E10: =IF($A10="","",IFERROR(INDEX(配置数据库!$G:$AG,MATCH($A10,配置数据库!$A:$A,0),MATCH($B$3,配置数据库!$G$8:$AG$8,0)),"")) -> 0 | F10: =IF(ISNUMBER(SEARCH("；",SUBSTITUTE($E10,";","；"))),TRIM(MID(SUBSTITUTE(SUBSTITUTE($E10,";","；"),"；",REPT(" ",100)),1,100)),"") | G10: =IF(ISNUMBER(SEARCH("；",SUBSTITUTE($E10,";","；"))),TRIM(MID(SUBSTITUTE(SUBSTITUTE($E10,";","；"),"；",REPT(" ",100)),101,100)),"") | H10: =IF(ISNUMBER(SEARCH("；",SUBSTITUTE($E10,";","；"))),TRIM(MID(SUBSTITUTE(SUBSTITUTE($E10,";","；"),"；",REPT(" ",100)),201,100)),"") | I10: =IF(ISNUMBER(SEARCH("；",SUBSTITUTE($E10,";","；"))),TRIM(MID(SUBSTITUTE(SUBSTITUTE($E10,";","；"),"；",REPT(" ",100)),301,100)),"") | J10: =IF(ISNUMBER(SEARCH("；",SUBSTITUTE($E10,";","；"))),TRIM(MID(SUBSTITUTE(SUBSTITUTE($E10,";","；"),"；",REPT(" ",100)),401,100)),"") | K10: =IF(ISNUMBER(SEARCH("；",SUBSTITUTE($E10,";","；"))),TRIM(MID(SUBSTITUTE(SUBSTITUTE($E10,";","；"),"；",REPT(" ",100)),501,100)),"") | L10: =IF(ISNUMBER(SEARCH("；",SUBSTITUTE($E10,";","；"))),TRIM(MID(SUBSTITUTE(SUBSTITUTE($E10,";","；"),"；",REPT(" ",100)),601,100)),"") | M10: =IF(ISNUMBER(SEARCH("；",SUBSTITUTE($E10,";","；"))),TRIM(MID(SUBSTITUTE(SUBSTITUTE($E10,";","；"),"；",REPT(" ",100)),701,100)),"") | N10: =IF(ISNUMBER(SEARCH("；",SUBSTITUTE($E10,";","；"))),TRIM(MID(SUBSTITUTE(SUBSTITUTE($E10,";","；"),"；",REPT(" ",100)),801,100)),"") | O10: =IF(ISNUMBER(SEARCH("；",SUBSTITUTE($E10,";","；"))),TRIM(MID(SUBSTITUTE(SUBSTITUTE($E10,";","；"),"；",REPT(" ",100)),901,100)),"") | P10: =IF(AND(配置数据库!$C16="售前填写",INDEX(配置数据库!$G16:$AG16,1,MATCH($B$3,配置数据库!$G$8:$AG$8,0))<>""),SUMPRODUCT((配置数据库!$C$10:$C16="售前填写")*(INDEX(配置数据库!$G$10:$AG16,0,MATCH($B$3,配置数据库!$G$8:$AG$8,0))<>"")),"") | Q10: =IF(AND(配置数据库!$C16="默认配置",INDEX(配置数据库!$G16:$AG16,1,MATCH($B$3,配置数据库!$G$8:$AG$8,0))<>""),SUMPRODUCT((配置数据库!$C$10:$C16="默认配置")*(INDEX(配置数据库!$G$10:$AG16,0,MATCH($B$3,配置数据库!$G$8:$AG$8,0))<>"")),"")
A11: =IFERROR(INDEX(配置数据库!$A:$A,MATCH(2,$P:$P,0)),"") -> 发货时间 | B11: =IF($A11="","",IFERROR(LEFT(SUBSTITUTE(IFERROR(INDEX(配置数据库!$G:$AG,MATCH(2,$P:$P,0),MATCH($B$3,配置数据库!$G$8:$AG$8,0)),""),";","；"),FIND("；",SUBSTITUTE(IFERROR(INDEX(配置数据库!$G:$AG,MATCH(2,$P:$P,0),MATCH($B$3,配置数据库!$G$8:$AG$8,0)),""),";","；"))-1),IFERROR(INDEX(配置数据库!$G:$AG,MATCH(2,$P:$P,0),MATCH($B$3,配置数据库!$G$8:$AG$8,0)),""))) -> 0 | C11: =IF($A11="","","售前填写") -> 售前填写 | D11: =IF($A11="","",IFERROR(INDEX(配置数据库!$B:$B,MATCH(2,$P:$P,0)),"")) -> 0 | E11: =IF($A11="","",IFERROR(INDEX(配置数据库!$G:$AG,MATCH($A11,配置数据库!$A:$A,0),MATCH($B$3,配置数据库!$G$8:$AG$8,0)),"")) -> 0 | F11: =IF(ISNUMBER(SEARCH("；",SUBSTITUTE($E11,";","；"))),TRIM(MID(SUBSTITUTE(SUBSTITUTE($E11,";","；"),"；",REPT(" ",100)),1,100)),"") | G11: =IF(ISNUMBER(SEARCH("；",SUBSTITUTE($E11,";","；"))),TRIM(MID(SUBSTITUTE(SUBSTITUTE($E11,";","；"),"；",REPT(" ",100)),101,100)),"") | H11: =IF(ISNUMBER(SEARCH("；",SUBSTITUTE($E11,";","；"))),TRIM(MID(SUBSTITUTE(SUBSTITUTE($E11,";","；"),"；",REPT(" ",100)),201,100)),"") | I11: =IF(ISNUMBER(SEARCH("；",SUBSTITUTE($E11,";","；"))),TRIM(MID(SUBSTITUTE(SUBSTITUTE($E11,";","；"),"；",REPT(" ",100)),301,100)),"") | J11: =IF(ISNUMBER(SEARCH("；",SUBSTITUTE($E11,";","；"))),TRIM(MID(SUBSTITUTE(SUBSTITUTE($E11,";","；"),"；",REPT(" ",100)),401,100)),"") | K11: =IF(ISNUMBER(SEARCH("；",SUBSTITUTE($E11,";","；"))),TRIM(MID(SUBSTITUTE(SUBSTITUTE($E11,";","；"),"；",REPT(" ",100)),501,100)),"") | L11: =IF(ISNUMBER(SEARCH("；",SUBSTITUTE($E11,";","；"))),TRIM(MID(SUBSTITUTE(SUBSTITUTE($E11,";","；"),"；",REPT(" ",100)),601,100)),"") | M11: =IF(ISNUMBER(SEARCH("；",SUBSTITUTE($E11,";","；"))),TRIM(MID(SUBSTITUTE(SUBSTITUTE($E11,";","；"),"；",REPT(" ",100)),701,100)),"") | N11: =IF(ISNUMBER(SEARCH("；",SUBSTITUTE($E11,";","；"))),TRIM(MID(SUBSTITUTE(SUBSTITUTE($E11,";","；"),"；",REPT(" ",100)),801,100)),"") | O11: =IF(ISNUMBER(SEARCH("；",SUBSTITUTE($E11,";","；"))),TRIM(MID(SUBSTITUTE(SUBSTITUTE($E11,";","；"),"；",REPT(" ",100)),901,100)),"") | P11: =IF(AND(配置数据库!$C19="售前填写",INDEX(配置数据库!$G19:$AG19,1,MATCH($B$3,配置数据库!$G$8:$AG$8,0))<>""),SUMPRODUCT((配置数据库!$C$10:$C19="售前填写")*(INDEX(配置数据库!$G$10:$AG19,0,MATCH($B$3,配置数据库!$G$8:$AG$8,0))<>"")),"") -> 5 | Q11: =IF(AND(配置数据库!$C19="默认配置",INDEX(配置数据库!$G19:$AG19,1,MATCH($B$3,配置数据库!$G$8:$AG$8,0))<>""),SUMPRODUCT((配置数据库!$C$10:$C19="默认配置")*(INDEX(配置数据库!$G$10:$AG19,0,MATCH($B$3,配置数据库!$G$8:$AG$8,0))<>"")),"")
A12: =IFERROR(INDEX(配置数据库!$A:$A,MATCH(3,$P:$P,0)),"") -> 售前 | B12: 铁箱 | C12: =IF($A12="","","售前填写") -> 售前填写 | D12: =IF($A12="","",IFERROR(INDEX(配置数据库!$B:$B,MATCH(3,$P:$P,0)),"")) -> 0 | E12: =IF($A12="","",IFERROR(INDEX(配置数据库!$G:$AG,MATCH($A12,配置数据库!$A:$A,0),MATCH($B$3,配置数据库!$G$8:$AG$8,0)),"")) -> 0 | F12: =IF(ISNUMBER(SEARCH("；",SUBSTITUTE($E12,";","；"))),TRIM(MID(SUBSTITUTE(SUBSTITUTE($E12,";","；"),"；",REPT(" ",100)),1,100)),"") | G12: =IF(ISNUMBER(SEARCH("；",SUBSTITUTE($E12,";","；"))),TRIM(MID(SUBSTITUTE(SUBSTITUTE($E12,";","；"),"；",REPT(" ",100)),101,100)),"") | H12: =IF(ISNUMBER(SEARCH("；",SUBSTITUTE($E12,";","；"))),TRIM(MID(SUBSTITUTE(SUBSTITUTE($E12,";","；"),"；",REPT(" ",100)),201,100)),"") | I12: =IF(ISNUMBER(SEARCH("；",SUBSTITUTE($E12,";","；"))),TRIM(MID(SUBSTITUTE(SUBSTITUTE($E12,";","；"),"；",REPT(" ",100)),301,100)),"") | J12: =IF(ISNUMBER(SEARCH("；",SUBSTITUTE($E12,";","；"))),TRIM(MID(SUBSTITUTE(SUBSTITUTE($E12,";","；"),"；",REPT(" ",100)),401,100)),"") | K12: =IF(ISNUMBER(SEARCH("；",SUBSTITUTE($E12,";","；"))),TRIM(MID(SUBSTITUTE(SUBSTITUTE($E12,";","；"),"；",REPT(" ",100)),501,100)),"") | L12: =IF(ISNUMBER(SEARCH("；",SUBSTITUTE($E12,";","；"))),TRIM(MID(SUBSTITUTE(SUBSTITUTE($E12,";","；"),"；",REPT(" ",100)),601,100)),"") | M12: =IF(ISNUMBER(SEARCH("；",SUBSTITUTE($E12,";","；"))),TRIM(MID(SUBSTITUTE(SUBSTITUTE($E12,";","；"),"；",REPT(" ",100)),701,100)),"") | N12: =IF(ISNUMBER(SEARCH("；",SUBSTITUTE($E12,";","；"))),TRIM(MID(SUBSTITUTE(SUBSTITUTE($E12,";","；"),"；",REPT(" ",100)),801,100)),"") | O12: =IF(ISNUMBER(SEARCH("；",SUBSTITUTE($E12,";","；"))),TRIM(MID(SUBSTITUTE(SUBSTITUTE($E12,";","；"),"；",REPT(" ",100)),901,100)),"") | P12: =IF(AND(配置数据库!$C20="售前填写",INDEX(配置数据库!$G20:$AG20,1,MATCH($B$3,配置数据库!$G$8:$AG$8,0))<>""),SUMPRODUCT((配置数据库!$C$10:$C20="售前填写")*(INDEX(配置数据库!$G$10:$AG20,0,MATCH($B$3,配置数据库!$G$8:$AG$8,0))<>"")),"") | Q12: =IF(AND(配置数据库!$C20="默认配置",INDEX(配置数据库!$G20:$AG20,1,MATCH($B$3,配置数据库!$G$8:$AG$8,0))<>""),SUMPRODUCT((配置数据库!$C$10:$C20="默认配置")*(INDEX(配置数据库!$G$10:$AG20,0,MATCH($B$3,配置数据库!$G$8:$AG$8,0))<>"")),"")
A13: =IFERROR(INDEX(配置数据库!$A:$A,MATCH(4,$P:$P,0)),"") | B13: =IF($A13="","",IFERROR(LEFT(SUBSTITUTE(IFERROR(INDEX(配置数据库!$G:$AG,MATCH(4,$P:$P,0),MATCH($B$3,配置数据库!$G$8:$AG$8,0)),""),";","；"),FIND("；",SUBSTITUTE(IFERROR(INDEX(配置数据库!$G:$AG,MATCH(4,$P:$P,0),MATCH($B$3,配置数据库!$G$8:$AG$8,0)),""),";","；"))-1),IFERROR(INDEX(配置数据库!$G:$AG,MATCH(4,$P:$P,0),MATCH($B$3,配置数据库!$G$8:$AG$8,0)),""))) | C13: =IF($A13="","","售前填写") | D13: =IF($A13="","",IFERROR(INDEX(配置数据库!$B:$B,MATCH(4,$P:$P,0)),"")) | E13: =IF($A13="","",IFERROR(INDEX(配置数据库!$G:$AG,MATCH($A13,配置数据库!$A:$A,0),MATCH($B$3,配置数据库!$G$8:$AG$8,0)),"")) | F13: =IF(ISNUMBER(SEARCH("；",SUBSTITUTE($E13,";","；"))),TRIM(MID(SUBSTITUTE(SUBSTITUTE($E13,";","；"),"；",REPT(" ",100)),1,100)),"") | G13: =IF(ISNUMBER(SEARCH("；",SUBSTITUTE($E13,";","；"))),TRIM(MID(SUBSTITUTE(SUBSTITUTE($E13,";","；"),"；",REPT(" ",100)),101,100)),"") | H13: =IF(ISNUMBER(SEARCH("；",SUBSTITUTE($E13,";","；"))),TRIM(MID(SUBSTITUTE(SUBSTITUTE($E13,";","；"),"；",REPT(" ",100)),201,100)),"") | I13: =IF(ISNUMBER(SEARCH("；",SUBSTITUTE($E13,";","；"))),TRIM(MID(SUBSTITUTE(SUBSTITUTE($E13,";","；"),"；",REPT(" ",100)),301,100)),"") | J13: =IF(ISNUMBER(SEARCH("；",SUBSTITUTE($E13,";","；"))),TRIM(MID(SUBSTITUTE(SUBSTITUTE($E13,";","；"),"；",REPT(" ",100)),401,100)),"") | K13: =IF(ISNUMBER(SEARCH("；",SUBSTITUTE($E13,";","；"))),TRIM(MID(SUBSTITUTE(SUBSTITUTE($E13,";","；"),"；",REPT(" ",100)),501,100)),"") | L13: =IF(ISNUMBER(SEARCH("；",SUBSTITUTE($E13,";","；"))),TRIM(MID(SUBSTITUTE(SUBSTITUTE($E13,";","；"),"；",REPT(" ",100)),601,100)),"") | M13: =IF(ISNUMBER(SEARCH("；",SUBSTITUTE($E13,";","；"))),TRIM(MID(SUBSTITUTE(SUBSTITUTE($E13,";","；"),"；",REPT(" ",100)),701,100)),"") | N13: =IF(ISNUMBER(SEARCH("；",SUBSTITUTE($E13,";","；"))),TRIM(MID(SUBSTITUTE(SUBSTITUTE($E13,";","；"),"；",REPT(" ",100)),801,100)),"") | O13: =IF(ISNUMBER(SEARCH("；",SUBSTITUTE($E13,";","；"))),TRIM(MID(SUBSTITUTE(SUBSTITUTE($E13,";","；"),"；",REPT(" ",100)),901,100)),"") | P13: =IF(AND(配置数据库!#REF!="售前填写",INDEX(配置数据库!#REF!,1,MATCH($B$3,配置数据库!$G$8:$AG$8,0))<>""),SUMPRODUCT((配置数据库!$C$10:$C20="售前填写")*(INDEX(配置数据库!$G$10:$AG20,0,MATCH($B$3,配置数据库!$G$8:$AG$8,0))<>"")),"") -> #REF! | Q13: =IF(AND(配置数据库!#REF!="默认配置",INDEX(配置数据库!#REF!,1,MATCH($B$3,配置数据库!$G$8:$AG$8,0))<>""),SUMPRODUCT((配置数据库!$C$10:$C20="默认配置")*(INDEX(配置数据库!$G$10:$AG20,0,MATCH($B$3,配置数据库!$G$8:$AG$8,0))<>"")),"") -> #REF!
A14: =IFERROR(INDEX(配置数据库!$A:$A,MATCH(5,$P:$P,0)),"") -> 货叉外宽要求（mm） | B14: =IF($A14="","",IFERROR(LEFT(SUBSTITUTE(IFERROR(INDEX(配置数据库!$G:$AG,MATCH(5,$P:$P,0),MATCH($B$3,配置数据库!$G$8:$AG$8,0)),""),";","；"),FIND("；",SUBSTITUTE(IFERROR(INDEX(配置数据库!$G:$AG,MATCH(5,$P:$P,0),MATCH($B$3,配置数据库!$G$8:$AG$8,0)),""),";","；"))-1),IFERROR(INDEX(配置数据库!$G:$AG,MATCH(5,$P:$P,0),MATCH($B$3,配置数据库!$G$8:$AG$8,0)),""))) -> 560/660 | C14: =IF($A14="","","售前填写") -> 售前填写 | D14: =IF($A14="","",IFERROR(INDEX(配置数据库!$B:$B,MATCH(5,$P:$P,0)),"")) | E14: =IF($A14="","",IFERROR(INDEX(配置数据库!$G:$AG,MATCH($A14,配置数据库!$A:$A,0),MATCH($B$3,配置数据库!$G$8:$AG$8,0)),"")) -> 560/660 | F14: =IF(ISNUMBER(SEARCH("；",SUBSTITUTE($E14,";","；"))),TRIM(MID(SUBSTITUTE(SUBSTITUTE($E14,";","；"),"；",REPT(" ",100)),1,100)),"") | G14: =IF(ISNUMBER(SEARCH("；",SUBSTITUTE($E14,";","；"))),TRIM(MID(SUBSTITUTE(SUBSTITUTE($E14,";","；"),"；",REPT(" ",100)),101,100)),"") | H14: =IF(ISNUMBER(SEARCH("；",SUBSTITUTE($E14,";","；"))),TRIM(MID(SUBSTITUTE(SUBSTITUTE($E14,";","；"),"；",REPT(" ",100)),201,100)),"") | I14: =IF(ISNUMBER(SEARCH("；",SUBSTITUTE($E14,";","；"))),TRIM(MID(SUBSTITUTE(SUBSTITUTE($E14,";","；"),"；",REPT(" ",100)),301,100)),"") | J14: =IF(ISNUMBER(SEARCH("；",SUBSTITUTE($E14,";","；"))),TRIM(MID(SUBSTITUTE(SUBSTITUTE($E14,";","；"),"；",REPT(" ",100)),401,100)),"") | K14: =IF(ISNUMBER(SEARCH("；",SUBSTITUTE($E14,";","；"))),TRIM(MID(SUBSTITUTE(SUBSTITUTE($E14,";","；"),"；",REPT(" ",100)),501,100)),"") | L14: =IF(ISNUMBER(SEARCH("；",SUBSTITUTE($E14,";","；"))),TRIM(MID(SUBSTITUTE(SUBSTITUTE($E14,";","；"),"；",REPT(" ",100)),601,100)),"") | M14: =IF(ISNUMBER(SEARCH("；",SUBSTITUTE($E14,";","；"))),TRIM(MID(SUBSTITUTE(SUBSTITUTE($E14,";","；"),"；",REPT(" ",100)),701,100)),"") | N14: =IF(ISNUMBER(SEARCH("；",SUBSTITUTE($E14,";","；"))),TRIM(MID(SUBSTITUTE(SUBSTITUTE($E14,";","；"),"；",REPT(" ",100)),801,100)),"") | O14: =IF(ISNUMBER(SEARCH("；",SUBSTITUTE($E14,";","；"))),TRIM(MID(SUBSTITUTE(SUBSTITUTE($E14,";","；"),"；",REPT(" ",100)),901,100)),"") | P14: =IF(AND(配置数据库!#REF!="售前填写",INDEX(配置数据库!#REF!,1,MATCH($B$3,配置数据库!$G$8:$AG$8,0))<>""),SUMPRODUCT((配置数据库!$C$10:$C20="售前填写")*(INDEX(配置数据库!$G$10:$AG20,0,MATCH($B$3,配置数据库!$G$8:$AG$8,0))<>"")),"") -> #REF! | Q14: =IF(AND(配置数据库!#REF!="默认配置",INDEX(配置数据库!#REF!,1,MATCH($B$3,配置数据库!$G$8:$AG$8,0))<>""),SUMPRODUCT((配置数据库!$C$10:$C20="默认配置")*(INDEX(配置数据库!$G$10:$AG20,0,MATCH($B$3,配置数据库!$G$8:$AG$8,0))<>"")),"") -> #REF!
A15: =IFERROR(INDEX(配置数据库!$A:$A,MATCH(6,$P:$P,0)),"") | B15: =IF($A15="","",IFERROR(LEFT(SUBSTITUTE(IFERROR(INDEX(配置数据库!$G:$AG,MATCH(6,$P:$P,0),MATCH($B$3,配置数据库!$G$8:$AG$8,0)),""),";","；"),FIND("；",SUBSTITUTE(IFERROR(INDEX(配置数据库!$G:$AG,MATCH(6,$P:$P,0),MATCH($B$3,配置数据库!$G$8:$AG$8,0)),""),";","；"))-1),IFERROR(INDEX(配置数据库!$G:$AG,MATCH(6,$P:$P,0),MATCH($B$3,配置数据库!$G$8:$AG$8,0)),""))) | C15: =IF($A15="","","售前填写") | D15: =IF($A15="","",IFERROR(INDEX(配置数据库!$B:$B,MATCH(6,$P:$P,0)),"")) | E15: =IF($A15="","",IFERROR(INDEX(配置数据库!$G:$AG,MATCH($A15,配置数据库!$A:$A,0),MATCH($B$3,配置数据库!$G$8:$AG$8,0)),"")) | F15: =IF(ISNUMBER(SEARCH("；",SUBSTITUTE($E15,";","；"))),TRIM(MID(SUBSTITUTE(SUBSTITUTE($E15,";","；"),"；",REPT(" ",100)),1,100)),"") | G15: =IF(ISNUMBER(SEARCH("；",SUBSTITUTE($E15,";","；"))),TRIM(MID(SUBSTITUTE(SUBSTITUTE($E15,";","；"),"；",REPT(" ",100)),101,100)),"") | H15: =IF(ISNUMBER(SEARCH("；",SUBSTITUTE($E15,";","；"))),TRIM(MID(SUBSTITUTE(SUBSTITUTE($E15,";","；"),"；",REPT(" ",100)),201,100)),"") | I15: =IF(ISNUMBER(SEARCH("；",SUBSTITUTE($E15,";","；"))),TRIM(MID(SUBSTITUTE(SUBSTITUTE($E15,";","；"),"；",REPT(" ",100)),301,100)),"") | J15: =IF(ISNUMBER(SEARCH("；",SUBSTITUTE($E15,";","；"))),TRIM(MID(SUBSTITUTE(SUBSTITUTE($E15,";","；"),"；",REPT(" ",100)),401,100)),"") | K15: =IF(ISNUMBER(SEARCH("；",SUBSTITUTE($E15,";","；"))),TRIM(MID(SUBSTITUTE(SUBSTITUTE($E15,";","；"),"；",REPT(" ",100)),501,100)),"") | L15: =IF(ISNUMBER(SEARCH("；",SUBSTITUTE($E15,";","；"))),TRIM(MID(SUBSTITUTE(SUBSTITUTE($E15,";","；"),"；",REPT(" ",100)),601,100)),"") | M15: =IF(ISNUMBER(SEARCH("；",SUBSTITUTE($E15,";","；"))),TRIM(MID(SUBSTITUTE(SUBSTITUTE($E15,";","；"),"；",REPT(" ",100)),701,100)),"") | N15: =IF(ISNUMBER(SEARCH("；",SUBSTITUTE($E15,";","；"))),TRIM(MID(SUBSTITUTE(SUBSTITUTE($E15,";","；"),"；",REPT(" ",100)),801,100)),"") | O15: =IF(ISNUMBER(SEARCH("；",SUBSTITUTE($E15,";","；"))),TRIM(MID(SUBSTITUTE(SUBSTITUTE($E15,";","；"),"；",REPT(" ",100)),901,100)),"") | P15: =IF(AND(配置数据库!$C21="售前填写",INDEX(配置数据库!$G21:$AG21,1,MATCH($B$3,配置数据库!$G$8:$AG$8,0))<>""),SUMPRODUCT((配置数据库!$C$10:$C21="售前填写")*(INDEX(配置数据库!$G$10:$AG21,0,MATCH($B$3,配置数据库!$G$8:$AG$8,0))<>"")),"") | Q15: =IF(AND(配置数据库!$C21="默认配置",INDEX(配置数据库!$G21:$AG21,1,MATCH($B$3,配置数据库!$G$8:$AG$8,0))<>""),SUMPRODUCT((配置数据库!$C$10:$C21="默认配置")*(INDEX(配置数据库!$G$10:$AG21,0,MATCH($B$3,配置数据库!$G$8:$AG$8,0))<>"")),"")
A16: =IFERROR(INDEX(配置数据库!$A:$A,MATCH(7,$P:$P,0)),"") | B16: =IF($A16="","",IFERROR(LEFT(SUBSTITUTE(IFERROR(INDEX(配置数据库!$G:$AG,MATCH(7,$P:$P,0),MATCH($B$3,配置数据库!$G$8:$AG$8,0)),""),";","；"),FIND("；",SUBSTITUTE(IFERROR(INDEX(配置数据库!$G:$AG,MATCH(7,$P:$P,0),MATCH($B$3,配置数据库!$G$8:$AG$8,0)),""),";","；"))-1),IFERROR(INDEX(配置数据库!$G:$AG,MATCH(7,$P:$P,0),MATCH($B$3,配置数据库!$G$8:$AG$8,0)),""))) | C16: =IF($A16="","","售前填写") | D16: =IF($A16="","",IFERROR(INDEX(配置数据库!$B:$B,MATCH(7,$P:$P,0)),"")) | E16: =IF($A16="","",IFERROR(INDEX(配置数据库!$G:$AG,MATCH($A16,配置数据库!$A:$A,0),MATCH($B$3,配置数据库!$G$8:$AG$8,0)),"")) | F16: =IF(ISNUMBER(SEARCH("；",SUBSTITUTE($E16,";","；"))),TRIM(MID(SUBSTITUTE(SUBSTITUTE($E16,";","；"),"；",REPT(" ",100)),1,100)),"") | G16: =IF(ISNUMBER(SEARCH("；",SUBSTITUTE($E16,";","；"))),TRIM(MID(SUBSTITUTE(SUBSTITUTE($E16,";","；"),"；",REPT(" ",100)),101,100)),"") | H16: =IF(ISNUMBER(SEARCH("；",SUBSTITUTE($E16,";","；"))),TRIM(MID(SUBSTITUTE(SUBSTITUTE($E16,";","；"),"；",REPT(" ",100)),201,100)),"") | I16: =IF(ISNUMBER(SEARCH("；",SUBSTITUTE($E16,";","；"))),TRIM(MID(SUBSTITUTE(SUBSTITUTE($E16,";","；"),"；",REPT(" ",100)),301,100)),"") | J16: =IF(ISNUMBER(SEARCH("；",SUBSTITUTE($E16,";","；"))),TRIM(MID(SUBSTITUTE(SUBSTITUTE($E16,";","；"),"；",REPT(" ",100)),401,100)),"") | K16: =IF(ISNUMBER(SEARCH("；",SUBSTITUTE($E16,";","；"))),TRIM(MID(SUBSTITUTE(SUBSTITUTE($E16,";","；"),"；",REPT(" ",100)),501,100)),"") | L16: =IF(ISNUMBER(SEARCH("；",SUBSTITUTE($E16,";","；"))),TRIM(MID(SUBSTITUTE(SUBSTITUTE($E16,";","；"),"；",REPT(" ",100)),601,100)),"") | M16: =IF(ISNUMBER(SEARCH("；",SUBSTITUTE($E16,";","；"))),TRIM(MID(SUBSTITUTE(SUBSTITUTE($E16,";","；"),"；",REPT(" ",100)),701,100)),"") | N16: =IF(ISNUMBER(SEARCH("；",SUBSTITUTE($E16,";","；"))),TRIM(MID(SUBSTITUTE(SUBSTITUTE($E16,";","；"),"；",REPT(" ",100)),801,100)),"") | O16: =IF(ISNUMBER(SEARCH("；",SUBSTITUTE($E16,";","；"))),TRIM(MID(SUBSTITUTE(SUBSTITUTE($E16,";","；"),"；",REPT(" ",100)),901,100)),"") | P16: =IF(AND(配置数据库!$C22="售前填写",INDEX(配置数据库!$G22:$AG22,1,MATCH($B$3,配置数据库!$G$8:$AG$8,0))<>""),SUMPRODUCT((配置数据库!$C$10:$C22="售前填写")*(INDEX(配置数据库!$G$10:$AG22,0,MATCH($B$3,配置数据库!$G$8:$AG$8,0))<>"")),"") | Q16: =IF(AND(配置数据库!$C22="默认配置",INDEX(配置数据库!$G22:$AG22,1,MATCH($B$3,配置数据库!$G$8:$AG$8,0))<>""),SUMPRODUCT((配置数据库!$C$10:$C22="默认配置")*(INDEX(配置数据库!$G$10:$AG22,0,MATCH($B$3,配置数据库!$G$8:$AG$8,0))<>"")),"")
A17: =IFERROR(INDEX(配置数据库!$A:$A,MATCH(8,$P:$P,0)),"") -> 托盘驼峰 | B17: =IF($A17="","",IFERROR(LEFT(SUBSTITUTE(IFERROR(INDEX(配置数据库!$G:$AG,MATCH(8,$P:$P,0),MATCH($B$3,配置数据库!$G$8:$AG$8,0)),""),";","；"),FIND("；",SUBSTITUTE(IFERROR(INDEX(配置数据库!$G:$AG,MATCH(8,$P:$P,0),MATCH($B$3,配置数据库!$G$8:$AG$8,0)),""),";","；"))-1),IFERROR(INDEX(配置数据库!$G:$AG,MATCH(8,$P:$P,0),MATCH($B$3,配置数据库!$G$8:$AG$8,0)),""))) -> 0 | C17: =IF($A17="","","售前填写") -> 售前填写 | D17: =IF($A17="","",IFERROR(INDEX(配置数据库!$B:$B,MATCH(8,$P:$P,0)),"")) -> 0 | E17: =IF($A17="","",IFERROR(INDEX(配置数据库!$G:$AG,MATCH($A17,配置数据库!$A:$A,0),MATCH($B$3,配置数据库!$G$8:$AG$8,0)),"")) -> 0 | F17: =IF(ISNUMBER(SEARCH("；",SUBSTITUTE($E17,";","；"))),TRIM(MID(SUBSTITUTE(SUBSTITUTE($E17,";","；"),"；",REPT(" ",100)),1,100)),"") | G17: =IF(ISNUMBER(SEARCH("；",SUBSTITUTE($E17,";","；"))),TRIM(MID(SUBSTITUTE(SUBSTITUTE($E17,";","；"),"；",REPT(" ",100)),101,100)),"") | H17: =IF(ISNUMBER(SEARCH("；",SUBSTITUTE($E17,";","；"))),TRIM(MID(SUBSTITUTE(SUBSTITUTE($E17,";","；"),"；",REPT(" ",100)),201,100)),"") | I17: =IF(ISNUMBER(SEARCH("；",SUBSTITUTE($E17,";","；"))),TRIM(MID(SUBSTITUTE(SUBSTITUTE($E17,";","；"),"；",REPT(" ",100)),301,100)),"") | J17: =IF(ISNUMBER(SEARCH("；",SUBSTITUTE($E17,";","；"))),TRIM(MID(SUBSTITUTE(SUBSTITUTE($E17,";","；"),"；",REPT(" ",100)),401,100)),"") | K17: =IF(ISNUMBER(SEARCH("；",SUBSTITUTE($E17,";","；"))),TRIM(MID(SUBSTITUTE(SUBSTITUTE($E17,";","；"),"；",REPT(" ",100)),501,100)),"") | L17: =IF(ISNUMBER(SEARCH("；",SUBSTITUTE($E17,";","；"))),TRIM(MID(SUBSTITUTE(SUBSTITUTE($E17,";","；"),"；",REPT(" ",100)),601,100)),"") | M17: =IF(ISNUMBER(SEARCH("；",SUBSTITUTE($E17,";","；"))),TRIM(MID(SUBSTITUTE(SUBSTITUTE($E17,";","；"),"；",REPT(" ",100)),701,100)),"") | N17: =IF(ISNUMBER(SEARCH("；",SUBSTITUTE($E17,";","；"))),TRIM(MID(SUBSTITUTE(SUBSTITUTE($E17,";","；"),"；",REPT(" ",100)),801,100)),"") | O17: =IF(ISNUMBER(SEARCH("；",SUBSTITUTE($E17,";","；"))),TRIM(MID(SUBSTITUTE(SUBSTITUTE($E17,";","；"),"；",REPT(" ",100)),901,100)),"") | P17: =IF(AND(配置数据库!$C23="售前填写",INDEX(配置数据库!$G23:$AG23,1,MATCH($B$3,配置数据库!$G$8:$AG$8,0))<>""),SUMPRODUCT((配置数据库!$C$10:$C23="售前填写")*(INDEX(配置数据库!$G$10:$AG23,0,MATCH($B$3,配置数据库!$G$8:$AG$8,0))<>"")),"") | Q17: =IF(AND(配置数据库!$C23="默认配置",INDEX(配置数据库!$G23:$AG23,1,MATCH($B$3,配置数据库!$G$8:$AG$8,0))<>""),SUMPRODUCT((配置数据库!$C$10:$C23="默认配置")*(INDEX(配置数据库!$G$10:$AG23,0,MATCH($B$3,配置数据库!$G$8:$AG$8,0))<>"")),"")
A18: =IFERROR(INDEX(配置数据库!$A:$A,MATCH(9,$P:$P,0)),"") | C18: =IF($A18="","","售前填写") | D18: =IF($A18="","",IFERROR(INDEX(配置数据库!$B:$B,MATCH(9,$P:$P,0)),"")) | E18: =IF($A18="","",IFERROR(INDEX(配置数据库!$G:$AG,MATCH($A18,配置数据库!$A:$A,0),MATCH($B$3,配置数据库!$G$8:$AG$8,0)),"")) | F18: =IF(ISNUMBER(SEARCH("；",SUBSTITUTE($E18,";","；"))),TRIM(MID(SUBSTITUTE(SUBSTITUTE($E18,";","；"),"；",REPT(" ",100)),1,100)),"") | G18: =IF(ISNUMBER(SEARCH("；",SUBSTITUTE($E18,";","；"))),TRIM(MID(SUBSTITUTE(SUBSTITUTE($E18,";","；"),"；",REPT(" ",100)),101,100)),"") | H18: =IF(ISNUMBER(SEARCH("；",SUBSTITUTE($E18,";","；"))),TRIM(MID(SUBSTITUTE(SUBSTITUTE($E18,";","；"),"；",REPT(" ",100)),201,100)),"") | I18: =IF(ISNUMBER(SEARCH("；",SUBSTITUTE($E18,";","；"))),TRIM(MID(SUBSTITUTE(SUBSTITUTE($E18,";","；"),"；",REPT(" ",100)),301,100)),"") | J18: =IF(ISNUMBER(SEARCH("；",SUBSTITUTE($E18,";","；"))),TRIM(MID(SUBSTITUTE(SUBSTITUTE($E18,";","；"),"；",REPT(" ",100)),401,100)),"") | K18: =IF(ISNUMBER(SEARCH("；",SUBSTITUTE($E18,";","；"))),TRIM(MID(SUBSTITUTE(SUBSTITUTE($E18,";","；"),"；",REPT(" ",100)),501,100)),"") | L18: =IF(ISNUMBER(SEARCH("；",SUBSTITUTE($E18,";","；"))),TRIM(MID(SUBSTITUTE(SUBSTITUTE($E18,";","；"),"；",REPT(" ",100)),601,100)),"") | M18: =IF(ISNUMBER(SEARCH("；",SUBSTITUTE($E18,";","；"))),TRIM(MID(SUBSTITUTE(SUBSTITUTE($E18,";","；"),"；",REPT(" ",100)),701,100)),"") | N18: =IF(ISNUMBER(SEARCH("；",SUBSTITUTE($E18,";","；"))),TRIM(MID(SUBSTITUTE(SUBSTITUTE($E18,";","；"),"；",REPT(" ",100)),801,100)),"") | O18: =IF(ISNUMBER(SEARCH("；",SUBSTITUTE($E18,";","；"))),TRIM(MID(SUBSTITUTE(SUBSTITUTE($E18,";","；"),"；",REPT(" ",100)),901,100)),"") | P18: =IF(AND(配置数据库!$C24="售前填写",INDEX(配置数据库!$G24:$AG24,1,MATCH($B$3,配置数据库!$G$8:$AG$8,0))<>""),SUMPRODUCT((配置数据库!$C$10:$C24="售前填写")*(INDEX(配置数据库!$G$10:$AG24,0,MATCH($B$3,配置数据库!$G$8:$AG$8,0))<>"")),"") | Q18: =IF(AND(配置数据库!$C24="默认配置",INDEX(配置数据库!$G24:$AG24,1,MATCH($B$3,配置数据库!$G$8:$AG$8,0))<>""),SUMPRODUCT((配置数据库!$C$10:$C24="默认配置")*(INDEX(配置数据库!$G$10:$AG24,0,MATCH($B$3,配置数据库!$G$8:$AG$8,0))<>"")),"")
A19: =IFERROR(INDEX(配置数据库!$A:$A,MATCH(10,$P:$P,0)),"") -> 牵引机构 | B19: =IF($A19="","",IFERROR(LEFT(SUBSTITUTE(IFERROR(INDEX(配置数据库!$G:$AG,MATCH(10,$P:$P,0),MATCH($B$3,配置数据库!$G$8:$AG$8,0)),""),";","；"),FIND("；",SUBSTITUTE(IFERROR(INDEX(配置数据库!$G:$AG,MATCH(10,$P:$P,0),MATCH($B$3,配置数据库!$G$8:$AG$8,0)),""),";","；"))-1),IFERROR(INDEX(配置数据库!$G:$AG,MATCH(10,$P:$P,0),MATCH($B$3,配置数据库!$G$8:$AG$8,0)),""))) | C19: =IF($A19="","","售前填写") -> 售前填写 | D19: =IF($A19="","",IFERROR(INDEX(配置数据库!$B:$B,MATCH(10,$P:$P,0)),"")) | E19: =IF($A19="","",IFERROR(INDEX(配置数据库!$G:$AG,MATCH($A19,配置数据库!$A:$A,0),MATCH($B$3,配置数据库!$G$8:$AG$8,0)),"")) | F19: =IF(ISNUMBER(SEARCH("；",SUBSTITUTE($E19,";","；"))),TRIM(MID(SUBSTITUTE(SUBSTITUTE($E19,";","；"),"；",REPT(" ",100)),1,100)),"") | G19: =IF(ISNUMBER(SEARCH("；",SUBSTITUTE($E19,";","；"))),TRIM(MID(SUBSTITUTE(SUBSTITUTE($E19,";","；"),"；",REPT(" ",100)),101,100)),"") | H19: =IF(ISNUMBER(SEARCH("；",SUBSTITUTE($E19,";","；"))),TRIM(MID(SUBSTITUTE(SUBSTITUTE($E19,";","；"),"；",REPT(" ",100)),201,100)),"") | I19: =IF(ISNUMBER(SEARCH("；",SUBSTITUTE($E19,";","；"))),TRIM(MID(SUBSTITUTE(SUBSTITUTE($E19,";","；"),"；",REPT(" ",100)),301,100)),"") | J19: =IF(ISNUMBER(SEARCH("；",SUBSTITUTE($E19,";","；"))),TRIM(MID(SUBSTITUTE(SUBSTITUTE($E19,";","；"),"；",REPT(" ",100)),401,100)),"") | K19: =IF(ISNUMBER(SEARCH("；",SUBSTITUTE($E19,";","；"))),TRIM(MID(SUBSTITUTE(SUBSTITUTE($E19,";","；"),"；",REPT(" ",100)),501,100)),"") | L19: =IF(ISNUMBER(SEARCH("；",SUBSTITUTE($E19,";","；"))),TRIM(MID(SUBSTITUTE(SUBSTITUTE($E19,";","；"),"；",REPT(" ",100)),601,100)),"") | M19: =IF(ISNUMBER(SEARCH("；",SUBSTITUTE($E19,";","；"))),TRIM(MID(SUBSTITUTE(SUBSTITUTE($E19,";","；"),"；",REPT(" ",100)),701,100)),"") | N19: =IF(ISNUMBER(SEARCH("；",SUBSTITUTE($E19,";","；"))),TRIM(MID(SUBSTITUTE(SUBSTITUTE($E19,";","；"),"；",REPT(" ",100)),801,100)),"") | O19: =IF(ISNUMBER(SEARCH("；",SUBSTITUTE($E19,";","；"))),TRIM(MID(SUBSTITUTE(SUBSTITUTE($E19,";","；"),"；",REPT(" ",100)),901,100)),"") | P19: =IF(AND(配置数据库!#REF!="售前填写",INDEX(配置数据库!#REF!,1,MATCH($B$3,配置数据库!$G$8:$AG$8,0))<>""),SUMPRODUCT((配置数据库!$C$10:$C24="售前填写")*(INDEX(配置数据库!$G$10:$AG24,0,MATCH($B$3,配置数据库!$G$8:$AG$8,0))<>"")),"") -> #REF! | Q19: =IF(AND(配置数据库!#REF!="默认配置",INDEX(配置数据库!#REF!,1,MATCH($B$3,配置数据库!$G$8:$AG$8,0))<>""),SUMPRODUCT((配置数据库!$C$10:$C24="默认配置")*(INDEX(配置数据库!$G$10:$AG24,0,MATCH($B$3,配置数据库!$G$8:$AG$8,0))<>"")),"") -> #REF!
A20: =IFERROR(INDEX(配置数据库!$A:$A,MATCH(11,$P:$P,0)),"") | B20: =IF($A20="","",IFERROR(LEFT(SUBSTITUTE(IFERROR(INDEX(配置数据库!$G:$AG,MATCH(11,$P:$P,0),MATCH($B$3,配置数据库!$G$8:$AG$8,0)),""),";","；"),FIND("；",SUBSTITUTE(IFERROR(INDEX(配置数据库!$G:$AG,MATCH(11,$P:$P,0),MATCH($B$3,配置数据库!$G$8:$AG$8,0)),""),";","；"))-1),IFERROR(INDEX(配置数据库!$G:$AG,MATCH(11,$P:$P,0),MATCH($B$3,配置数据库!$G$8:$AG$8,0)),""))) | C20: =IF($A20="","","售前填写") | D20: =IF($A20="","",IFERROR(INDEX(配置数据库!$B:$B,MATCH(11,$P:$P,0)),"")) | E20: =IF($A20="","",IFERROR(INDEX(配置数据库!$G:$AG,MATCH($A20,配置数据库!$A:$A,0),MATCH($B$3,配置数据库!$G$8:$AG$8,0)),"")) | F20: =IF(ISNUMBER(SEARCH("；",SUBSTITUTE($E20,";","；"))),TRIM(MID(SUBSTITUTE(SUBSTITUTE($E20,";","；"),"；",REPT(" ",100)),1,100)),"") | G20: =IF(ISNUMBER(SEARCH("；",SUBSTITUTE($E20,";","；"))),TRIM(MID(SUBSTITUTE(SUBSTITUTE($E20,";","；"),"；",REPT(" ",100)),101,100)),"") | H20: =IF(ISNUMBER(SEARCH("；",SUBSTITUTE($E20,";","；"))),TRIM(MID(SUBSTITUTE(SUBSTITUTE($E20,";","；"),"；",REPT(" ",100)),201,100)),"") | I20: =IF(ISNUMBER(SEARCH("；",SUBSTITUTE($E20,";","；"))),TRIM(MID(SUBSTITUTE(SUBSTITUTE($E20,";","；"),"；",REPT(" ",100)),301,100)),"") | J20: =IF(ISNUMBER(SEARCH("；",SUBSTITUTE($E20,";","；"))),TRIM(MID(SUBSTITUTE(SUBSTITUTE($E20,";","；"),"；",REPT(" ",100)),401,100)),"") | K20: =IF(ISNUMBER(SEARCH("；",SUBSTITUTE($E20,";","；"))),TRIM(MID(SUBSTITUTE(SUBSTITUTE($E20,";","；"),"；",REPT(" ",100)),501,100)),"") | L20: =IF(ISNUMBER(SEARCH("；",SUBSTITUTE($E20,";","；"))),TRIM(MID(SUBSTITUTE(SUBSTITUTE($E20,";","；"),"；",REPT(" ",100)),601,100)),"") | M20: =IF(ISNUMBER(SEARCH("；",SUBSTITUTE($E20,";","；"))),TRIM(MID(SUBSTITUTE(SUBSTITUTE($E20,";","；"),"；",REPT(" ",100)),701,100)),"") | N20: =IF(ISNUMBER(SEARCH("；",SUBSTITUTE($E20,";","；"))),TRIM(MID(SUBSTITUTE(SUBSTITUTE($E20,";","；"),"；",REPT(" ",100)),801,100)),"") | O20: =IF(ISNUMBER(SEARCH("；",SUBSTITUTE($E20,";","；"))),TRIM(MID(SUBSTITUTE(SUBSTITUTE($E20,";","；"),"；",REPT(" ",100)),901,100)),"") | P20: =IF(AND(配置数据库!#REF!="售前填写",INDEX(配置数据库!#REF!,1,MATCH($B$3,配置数据库!$G$8:$AG$8,0))<>""),SUMPRODUCT((配置数据库!$C$10:$C24="售前填写")*(INDEX(配置数据库!$G$10:$AG24,0,MATCH($B$3,配置数据库!$G$8:$AG$8,0))<>"")),"") -> #REF! | Q20: =IF(AND(配置数据库!#REF!="默认配置",INDEX(配置数据库!#REF!,1,MATCH($B$3,配置数据库!$G$8:$AG$8,0))<>""),SUMPRODUCT((配置数据库!$C$10:$C24="默认配置")*(INDEX(配置数据库!$G$10:$AG24,0,MATCH($B$3,配置数据库!$G$8:$AG$8,0))<>"")),"") -> #REF!
A21: =IFERROR(INDEX(配置数据库!$A:$A,MATCH(12,$P:$P,0)),"") | B21: =IF($A21="","",IFERROR(LEFT(SUBSTITUTE(IFERROR(INDEX(配置数据库!$G:$AG,MATCH(12,$P:$P,0),MATCH($B$3,配置数据库!$G$8:$AG$8,0)),""),";","；"),FIND("；",SUBSTITUTE(IFERROR(INDEX(配置数据库!$G:$AG,MATCH(12,$P:$P,0),MATCH($B$3,配置数据库!$G$8:$AG$8,0)),""),";","；"))-1),IFERROR(INDEX(配置数据库!$G:$AG,MATCH(12,$P:$P,0),MATCH($B$3,配置数据库!$G$8:$AG$8,0)),""))) | C21: =IF($A21="","","售前填写") | D21: =IF($A21="","",IFERROR(INDEX(配置数据库!$B:$B,MATCH(12,$P:$P,0)),"")) | E21: =IF($A21="","",IFERROR(INDEX(配置数据库!$G:$AG,MATCH($A21,配置数据库!$A:$A,0),MATCH($B$3,配置数据库!$G$8:$AG$8,0)),"")) | F21: =IF(ISNUMBER(SEARCH("；",SUBSTITUTE($E21,";","；"))),TRIM(MID(SUBSTITUTE(SUBSTITUTE($E21,";","；"),"；",REPT(" ",100)),1,100)),"") | G21: =IF(ISNUMBER(SEARCH("；",SUBSTITUTE($E21,";","；"))),TRIM(MID(SUBSTITUTE(SUBSTITUTE($E21,";","；"),"；",REPT(" ",100)),101,100)),"") | H21: =IF(ISNUMBER(SEARCH("；",SUBSTITUTE($E21,";","；"))),TRIM(MID(SUBSTITUTE(SUBSTITUTE($E21,";","；"),"；",REPT(" ",100)),201,100)),"") | I21: =IF(ISNUMBER(SEARCH("；",SUBSTITUTE($E21,";","；"))),TRIM(MID(SUBSTITUTE(SUBSTITUTE($E21,";","；"),"；",REPT(" ",100)),301,100)),"") | J21: =IF(ISNUMBER(SEARCH("；",SUBSTITUTE($E21,";","；"))),TRIM(MID(SUBSTITUTE(SUBSTITUTE($E21,";","；"),"；",REPT(" ",100)),401,100)),"") | K21: =IF(ISNUMBER(SEARCH("；",SUBSTITUTE($E21,";","；"))),TRIM(MID(SUBSTITUTE(SUBSTITUTE($E21,";","；"),"；",REPT(" ",100)),501,100)),"") | L21: =IF(ISNUMBER(SEARCH("；",SUBSTITUTE($E21,";","；"))),TRIM(MID(SUBSTITUTE(SUBSTITUTE($E21,";","；"),"；",REPT(" ",100)),601,100)),"") | M21: =IF(ISNUMBER(SEARCH("；",SUBSTITUTE($E21,";","；"))),TRIM(MID(SUBSTITUTE(SUBSTITUTE($E21,";","；"),"；",REPT(" ",100)),701,100)),"") | N21: =IF(ISNUMBER(SEARCH("；",SUBSTITUTE($E21,";","；"))),TRIM(MID(SUBSTITUTE(SUBSTITUTE($E21,";","；"),"；",REPT(" ",100)),801,100)),"") | O21: =IF(ISNUMBER(SEARCH("；",SUBSTITUTE($E21,";","；"))),TRIM(MID(SUBSTITUTE(SUBSTITUTE($E21,";","；"),"；",REPT(" ",100)),901,100)),"") | P21: =IF(AND(配置数据库!$C97="售前填写",INDEX(配置数据库!$G97:$AG97,1,MATCH($B$3,配置数据库!$G$8:$AG$8,0))<>""),SUMPRODUCT((配置数据库!$C$10:$C97="售前填写")*(INDEX(配置数据库!$G$10:$AG97,0,MATCH($B$3,配置数据库!$G$8:$AG$8,0))<>"")),"") | Q21: =IF(AND(配置数据库!$C97="默认配置",INDEX(配置数据库!$G97:$AG97,1,MATCH($B$3,配置数据库!$G$8:$AG$8,0))<>""),SUMPRODUCT((配置数据库!$C$10:$C97="默认配置")*(INDEX(配置数据库!$G$10:$AG97,0,MATCH($B$3,配置数据库!$G$8:$AG$8,0))<>"")),"") -> 30
A22: =IFERROR(INDEX(配置数据库!$A:$A,MATCH(13,$P:$P,0)),"") | B22: =IF($A22="","",IFERROR(LEFT(SUBSTITUTE(IFERROR(INDEX(配置数据库!$G:$AG,MATCH(13,$P:$P,0),MATCH($B$3,配置数据库!$G$8:$AG$8,0)),""),";","；"),FIND("；",SUBSTITUTE(IFERROR(INDEX(配置数据库!$G:$AG,MATCH(13,$P:$P,0),MATCH($B$3,配置数据库!$G$8:$AG$8,0)),""),";","；"))-1),IFERROR(INDEX(配置数据库!$G:$AG,MATCH(13,$P:$P,0),MATCH($B$3,配置数据库!$G$8:$AG$8,0)),""))) | C22: =IF($A22="","","售前填写") | D22: =IF($A22="","",IFERROR(INDEX(配置数据库!$B:$B,MATCH(13,$P:$P,0)),"")) | E22: =IF($A22="","",IFERROR(INDEX(配置数据库!$G:$AG,MATCH($A22,配置数据库!$A:$A,0),MATCH($B$3,配置数据库!$G$8:$AG$8,0)),"")) | F22: =IF(ISNUMBER(SEARCH("；",SUBSTITUTE($E22,";","；"))),TRIM(MID(SUBSTITUTE(SUBSTITUTE($E22,";","；"),"；",REPT(" ",100)),1,100)),"") | G22: =IF(ISNUMBER(SEARCH("；",SUBSTITUTE($E22,";","；"))),TRIM(MID(SUBSTITUTE(SUBSTITUTE($E22,";","；"),"；",REPT(" ",100)),101,100)),"") | H22: =IF(ISNUMBER(SEARCH("；",SUBSTITUTE($E22,";","；"))),TRIM(MID(SUBSTITUTE(SUBSTITUTE($E22,";","；"),"；",REPT(" ",100)),201,100)),"") | I22: =IF(ISNUMBER(SEARCH("；",SUBSTITUTE($E22,";","；"))),TRIM(MID(SUBSTITUTE(SUBSTITUTE($E22,";","；"),"；",REPT(" ",100)),301,100)),"") | J22: =IF(ISNUMBER(SEARCH("；",SUBSTITUTE($E22,";","；"))),TRIM(MID(SUBSTITUTE(SUBSTITUTE($E22,";","；"),"；",REPT(" ",100)),401,100)),"") | K22: =IF(ISNUMBER(SEARCH("；",SUBSTITUTE($E22,";","；"))),TRIM(MID(SUBSTITUTE(SUBSTITUTE($E22,";","；"),"；",REPT(" ",100)),501,100)),"") | L22: =IF(ISNUMBER(SEARCH("；",SUBSTITUTE($E22,";","；"))),TRIM(MID(SUBSTITUTE(SUBSTITUTE($E22,";","；"),"；",REPT(" ",100)),601,100)),"") | M22: =IF(ISNUMBER(SEARCH("；",SUBSTITUTE($E22,";","；"))),TRIM(MID(SUBSTITUTE(SUBSTITUTE($E22,";","；"),"；",REPT(" ",100)),701,100)),"") | N22: =IF(ISNUMBER(SEARCH("；",SUBSTITUTE($E22,";","；"))),TRIM(MID(SUBSTITUTE(SUBSTITUTE($E22,";","；"),"；",REPT(" ",100)),801,100)),"") | O22: =IF(ISNUMBER(SEARCH("；",SUBSTITUTE($E22,";","；"))),TRIM(MID(SUBSTITUTE(SUBSTITUTE($E22,";","；"),"；",REPT(" ",100)),901,100)),"") | P22: =IF(AND(配置数据库!$C98="售前填写",INDEX(配置数据库!$G98:$AG98,1,MATCH($B$3,配置数据库!$G$8:$AG$8,0))<>""),SUMPRODUCT((配置数据库!$C$10:$C98="售前填写")*(INDEX(配置数据库!$G$10:$AG98,0,MATCH($B$3,配置数据库!$G$8:$AG$8,0))<>"")),"") -> 15 | Q22: =IF(AND(配置数据库!$C98="默认配置",INDEX(配置数据库!$G98:$AG98,1,MATCH($B$3,配置数据库!$G$8:$AG$8,0))<>""),SUMPRODUCT((配置数据库!$C$10:$C98="默认配置")*(INDEX(配置数据库!$G$10:$AG98,0,MATCH($B$3,配置数据库!$G$8:$AG$8,0))<>"")),"")
A23: =IFERROR(INDEX(配置数据库!$A:$A,MATCH(14,$P:$P,0)),"") | B23: =IF($A23="","",IFERROR(LEFT(SUBSTITUTE(IFERROR(INDEX(配置数据库!$G:$AG,MATCH(14,$P:$P,0),MATCH($B$3,配置数据库!$G$8:$AG$8,0)),""),";","；"),FIND("；",SUBSTITUTE(IFERROR(INDEX(配置数据库!$G:$AG,MATCH(14,$P:$P,0),MATCH($B$3,配置数据库!$G$8:$AG$8,0)),""),";","；"))-1),IFERROR(INDEX(配置数据库!$G:$AG,MATCH(14,$P:$P,0),MATCH($B$3,配置数据库!$G$8:$AG$8,0)),""))) | C23: =IF($A23="","","售前填写") | D23: =IF($A23="","",IFERROR(INDEX(配置数据库!$B:$B,MATCH(14,$P:$P,0)),"")) | E23: =IF($A23="","",IFERROR(INDEX(配置数据库!$G:$AG,MATCH($A23,配置数据库!$A:$A,0),MATCH($B$3,配置数据库!$G$8:$AG$8,0)),"")) | F23: =IF(ISNUMBER(SEARCH("；",SUBSTITUTE($E23,";","；"))),TRIM(MID(SUBSTITUTE(SUBSTITUTE($E23,";","；"),"；",REPT(" ",100)),1,100)),"") | G23: =IF(ISNUMBER(SEARCH("；",SUBSTITUTE($E23,";","；"))),TRIM(MID(SUBSTITUTE(SUBSTITUTE($E23,";","；"),"；",REPT(" ",100)),101,100)),"") | H23: =IF(ISNUMBER(SEARCH("；",SUBSTITUTE($E23,";","；"))),TRIM(MID(SUBSTITUTE(SUBSTITUTE($E23,";","；"),"；",REPT(" ",100)),201,100)),"") | I23: =IF(ISNUMBER(SEARCH("；",SUBSTITUTE($E23,";","；"))),TRIM(MID(SUBSTITUTE(SUBSTITUTE($E23,";","；"),"；",REPT(" ",100)),301,100)),"") | J23: =IF(ISNUMBER(SEARCH("；",SUBSTITUTE($E23,";","；"))),TRIM(MID(SUBSTITUTE(SUBSTITUTE($E23,";","；"),"；",REPT(" ",100)),401,100)),"") | K23: =IF(ISNUMBER(SEARCH("；",SUBSTITUTE($E23,";","；"))),TRIM(MID(SUBSTITUTE(SUBSTITUTE($E23,";","；"),"；",REPT(" ",100)),501,100)),"") | L23: =IF(ISNUMBER(SEARCH("；",SUBSTITUTE($E23,";","；"))),TRIM(MID(SUBSTITUTE(SUBSTITUTE($E23,";","；"),"；",REPT(" ",100)),601,100)),"") | M23: =IF(ISNUMBER(SEARCH("；",SUBSTITUTE($E23,";","；"))),TRIM(MID(SUBSTITUTE(SUBSTITUTE($E23,";","；"),"；",REPT(" ",100)),701,100)),"") | N23: =IF(ISNUMBER(SEARCH("；",SUBSTITUTE($E23,";","；"))),TRIM(MID(SUBSTITUTE(SUBSTITUTE($E23,";","；"),"；",REPT(" ",100)),801,100)),"") | O23: =IF(ISNUMBER(SEARCH("；",SUBSTITUTE($E23,";","；"))),TRIM(MID(SUBSTITUTE(SUBSTITUTE($E23,";","；"),"；",REPT(" ",100)),901,100)),"") | P23: =IF(AND(配置数据库!$C26="售前填写",INDEX(配置数据库!$G26:$AG26,1,MATCH($B$3,配置数据库!$G$8:$AG$8,0))<>""),SUMPRODUCT((配置数据库!$C$10:$C26="售前填写")*(INDEX(配置数据库!$G$10:$AG26,0,MATCH($B$3,配置数据库!$G$8:$AG$8,0))<>"")),"") | Q23: =IF(AND(配置数据库!$C26="默认配置",INDEX(配置数据库!$G26:$AG26,1,MATCH($B$3,配置数据库!$G$8:$AG$8,0))<>""),SUMPRODUCT((配置数据库!$C$10:$C26="默认配置")*(INDEX(配置数据库!$G$10:$AG26,0,MATCH($B$3,配置数据库!$G$8:$AG$8,0))<>"")),"")
A24: =IFERROR(INDEX(配置数据库!$A:$A,MATCH(15,$P:$P,0)),"") -> 上视二维码相机 | B24: =IF($A24="","",IFERROR(LEFT(SUBSTITUTE(IFERROR(INDEX(配置数据库!$G:$AG,MATCH(15,$P:$P,0),MATCH($B$3,配置数据库!$G$8:$AG$8,0)),""),";","；"),FIND("；",SUBSTITUTE(IFERROR(INDEX(配置数据库!$G:$AG,MATCH(15,$P:$P,0),MATCH($B$3,配置数据库!$G$8:$AG$8,0)),""),";","；"))-1),IFERROR(INDEX(配置数据库!$G:$AG,MATCH(15,$P:$P,0),MATCH($B$3,配置数据库!$G$8:$AG$8,0)),""))) | C24: =IF($A24="","","售前填写") -> 售前填写 | D24: =IF($A24="","",IFERROR(INDEX(配置数据库!$B:$B,MATCH(15,$P:$P,0)),"")) | E24: =IF($A24="","",IFERROR(INDEX(配置数据库!$G:$AG,MATCH($A24,配置数据库!$A:$A,0),MATCH($B$3,配置数据库!$G$8:$AG$8,0)),"")) | F24: =IF(ISNUMBER(SEARCH("；",SUBSTITUTE($E24,";","；"))),TRIM(MID(SUBSTITUTE(SUBSTITUTE($E24,";","；"),"；",REPT(" ",100)),1,100)),"") | G24: =IF(ISNUMBER(SEARCH("；",SUBSTITUTE($E24,";","；"))),TRIM(MID(SUBSTITUTE(SUBSTITUTE($E24,";","；"),"；",REPT(" ",100)),101,100)),"") | H24: =IF(ISNUMBER(SEARCH("；",SUBSTITUTE($E24,";","；"))),TRIM(MID(SUBSTITUTE(SUBSTITUTE($E24,";","；"),"；",REPT(" ",100)),201,100)),"") | I24: =IF(ISNUMBER(SEARCH("；",SUBSTITUTE($E24,";","；"))),TRIM(MID(SUBSTITUTE(SUBSTITUTE($E24,";","；"),"；",REPT(" ",100)),301,100)),"") | J24: =IF(ISNUMBER(SEARCH("；",SUBSTITUTE($E24,";","；"))),TRIM(MID(SUBSTITUTE(SUBSTITUTE($E24,";","；"),"；",REPT(" ",100)),401,100)),"") | K24: =IF(ISNUMBER(SEARCH("；",SUBSTITUTE($E24,";","；"))),TRIM(MID(SUBSTITUTE(SUBSTITUTE($E24,";","；"),"；",REPT(" ",100)),501,100)),"") | L24: =IF(ISNUMBER(SEARCH("；",SUBSTITUTE($E24,";","；"))),TRIM(MID(SUBSTITUTE(SUBSTITUTE($E24,";","；"),"；",REPT(" ",100)),601,100)),"") | M24: =IF(ISNUMBER(SEARCH("；",SUBSTITUTE($E24,";","；"))),TRIM(MID(SUBSTITUTE(SUBSTITUTE($E24,";","；"),"；",REPT(" ",100)),701,100)),"") | N24: =IF(ISNUMBER(SEARCH("；",SUBSTITUTE($E24,";","；"))),TRIM(MID(SUBSTITUTE(SUBSTITUTE($E24,";","；"),"；",REPT(" ",100)),801,100)),"") | O24: =IF(ISNUMBER(SEARCH("；",SUBSTITUTE($E24,";","；"))),TRIM(MID(SUBSTITUTE(SUBSTITUTE($E24,";","；"),"；",REPT(" ",100)),901,100)),"") | P24: =IF(AND(配置数据库!$C28="售前填写",INDEX(配置数据库!$G28:$AG28,1,MATCH($B$3,配置数据库!$G$8:$AG$8,0))<>""),SUMPRODUCT((配置数据库!$C$10:$C28="售前填写")*(INDEX(配置数据库!$G$10:$AG28,0,MATCH($B$3,配置数据库!$G$8:$AG$8,0))<>"")),"") | Q24: =IF(AND(配置数据库!$C28="默认配置",INDEX(配置数据库!$G28:$AG28,1,MATCH($B$3,配置数据库!$G$8:$AG$8,0))<>""),SUMPRODUCT((配置数据库!$C$10:$C28="默认配置")*(INDEX(配置数据库!$G$10:$AG28,0,MATCH($B$3,配置数据库!$G$8:$AG$8,0))<>"")),"")
A25: =IFERROR(INDEX(配置数据库!$A:$A,MATCH(16,$P:$P,0)),"") | B25: =IF($A25="","",IFERROR(LEFT(SUBSTITUTE(IFERROR(INDEX(配置数据库!$G:$AG,MATCH(16,$P:$P,0),MATCH($B$3,配置数据库!$G$8:$AG$8,0)),""),";","；"),FIND("；",SUBSTITUTE(IFERROR(INDEX(配置数据库!$G:$AG,MATCH(16,$P:$P,0),MATCH($B$3,配置数据库!$G$8:$AG$8,0)),""),";","；"))-1),IFERROR(INDEX(配置数据库!$G:$AG,MATCH(16,$P:$P,0),MATCH($B$3,配置数据库!$G$8:$AG$8,0)),""))) | C25: =IF($A25="","","售前填写") | D25: =IF($A25="","",IFERROR(INDEX(配置数据库!$B:$B,MATCH(16,$P:$P,0)),"")) | E25: =IF($A25="","",IFERROR(INDEX(配置数据库!$G:$AG,MATCH($A25,配置数据库!$A:$A,0),MATCH($B$3,配置数据库!$G$8:$AG$8,0)),"")) | F25: =IF(ISNUMBER(SEARCH("；",SUBSTITUTE($E25,";","；"))),TRIM(MID(SUBSTITUTE(SUBSTITUTE($E25,";","；"),"；",REPT(" ",100)),1,100)),"") | G25: =IF(ISNUMBER(SEARCH("；",SUBSTITUTE($E25,";","；"))),TRIM(MID(SUBSTITUTE(SUBSTITUTE($E25,";","；"),"；",REPT(" ",100)),101,100)),"") | H25: =IF(ISNUMBER(SEARCH("；",SUBSTITUTE($E25,";","；"))),TRIM(MID(SUBSTITUTE(SUBSTITUTE($E25,";","；"),"；",REPT(" ",100)),201,100)),"") | I25: =IF(ISNUMBER(SEARCH("；",SUBSTITUTE($E25,";","；"))),TRIM(MID(SUBSTITUTE(SUBSTITUTE($E25,";","；"),"；",REPT(" ",100)),301,100)),"") | J25: =IF(ISNUMBER(SEARCH("；",SUBSTITUTE($E25,";","；"))),TRIM(MID(SUBSTITUTE(SUBSTITUTE($E25,";","；"),"；",REPT(" ",100)),401,100)),"") | K25: =IF(ISNUMBER(SEARCH("；",SUBSTITUTE($E25,";","；"))),TRIM(MID(SUBSTITUTE(SUBSTITUTE($E25,";","；"),"；",REPT(" ",100)),501,100)),"") | L25: =IF(ISNUMBER(SEARCH("；",SUBSTITUTE($E25,";","；"))),TRIM(MID(SUBSTITUTE(SUBSTITUTE($E25,";","；"),"；",REPT(" ",100)),601,100)),"") | M25: =IF(ISNUMBER(SEARCH("；",SUBSTITUTE($E25,";","；"))),TRIM(MID(SUBSTITUTE(SUBSTITUTE($E25,";","；"),"；",REPT(" ",100)),701,100)),"") | N25: =IF(ISNUMBER(SEARCH("；",SUBSTITUTE($E25,";","；"))),TRIM(MID(SUBSTITUTE(SUBSTITUTE($E25,";","；"),"；",REPT(" ",100)),801,100)),"") | O25: =IF(ISNUMBER(SEARCH("；",SUBSTITUTE($E25,";","；"))),TRIM(MID(SUBSTITUTE(SUBSTITUTE($E25,";","；"),"；",REPT(" ",100)),901,100)),"") | P25: =IF(AND(配置数据库!#REF!="售前填写",INDEX(配置数据库!#REF!,1,MATCH($B$3,配置数据库!$G$8:$AG$8,0))<>""),SUMPRODUCT((配置数据库!$C$10:$C28="售前填写")*(INDEX(配置数据库!$G$10:$AG28,0,MATCH($B$3,配置数据库!$G$8:$AG$8,0))<>"")),"") -> #REF! | Q25: =IF(AND(配置数据库!#REF!="默认配置",INDEX(配置数据库!#REF!,1,MATCH($B$3,配置数据库!$G$8:$AG$8,0))<>""),SUMPRODUCT((配置数据库!$C$10:$C28="默认配置")*(INDEX(配置数据库!$G$10:$AG28,0,MATCH($B$3,配置数据库!$G$8:$AG$8,0))<>"")),"") -> #REF!
A26: =IFERROR(INDEX(配置数据库!$A:$A,MATCH(17,$P:$P,0)),"") | B26: =IF($A26="","",IFERROR(LEFT(SUBSTITUTE(IFERROR(INDEX(配置数据库!$G:$AG,MATCH(17,$P:$P,0),MATCH($B$3,配置数据库!$G$8:$AG$8,0)),""),";","；"),FIND("；",SUBSTITUTE(IFERROR(INDEX(配置数据库!$G:$AG,MATCH(17,$P:$P,0),MATCH($B$3,配置数据库!$G$8:$AG$8,0)),""),";","；"))-1),IFERROR(INDEX(配置数据库!$G:$AG,MATCH(17,$P:$P,0),MATCH($B$3,配置数据库!$G$8:$AG$8,0)),""))) | C26: =IF($A26="","","售前填写") | D26: =IF($A26="","",IFERROR(INDEX(配置数据库!$B:$B,MATCH(17,$P:$P,0)),"")) | E26: =IF($A26="","",IFERROR(INDEX(配置数据库!$G:$AG,MATCH($A26,配置数据库!$A:$A,0),MATCH($B$3,配置数据库!$G$8:$AG$8,0)),"")) | F26: =IF(ISNUMBER(SEARCH("；",SUBSTITUTE($E26,";","；"))),TRIM(MID(SUBSTITUTE(SUBSTITUTE($E26,";","；"),"；",REPT(" ",100)),1,100)),"") | G26: =IF(ISNUMBER(SEARCH("；",SUBSTITUTE($E26,";","；"))),TRIM(MID(SUBSTITUTE(SUBSTITUTE($E26,";","；"),"；",REPT(" ",100)),101,100)),"") | H26: =IF(ISNUMBER(SEARCH("；",SUBSTITUTE($E26,";","；"))),TRIM(MID(SUBSTITUTE(SUBSTITUTE($E26,";","；"),"；",REPT(" ",100)),201,100)),"") | I26: =IF(ISNUMBER(SEARCH("；",SUBSTITUTE($E26,";","；"))),TRIM(MID(SUBSTITUTE(SUBSTITUTE($E26,";","；"),"；",REPT(" ",100)),301,100)),"") | J26: =IF(ISNUMBER(SEARCH("；",SUBSTITUTE($E26,";","；"))),TRIM(MID(SUBSTITUTE(SUBSTITUTE($E26,";","；"),"；",REPT(" ",100)),401,100)),"") | K26: =IF(ISNUMBER(SEARCH("；",SUBSTITUTE($E26,";","；"))),TRIM(MID(SUBSTITUTE(SUBSTITUTE($E26,";","；"),"；",REPT(" ",100)),501,100)),"") | L26: =IF(ISNUMBER(SEARCH("；",SUBSTITUTE($E26,";","；"))),TRIM(MID(SUBSTITUTE(SUBSTITUTE($E26,";","；"),"；",REPT(" ",100)),601,100)),"") | M26: =IF(ISNUMBER(SEARCH("；",SUBSTITUTE($E26,";","；"))),TRIM(MID(SUBSTITUTE(SUBSTITUTE($E26,";","；"),"；",REPT(" ",100)),701,100)),"") | N26: =IF(ISNUMBER(SEARCH("；",SUBSTITUTE($E26,";","；"))),TRIM(MID(SUBSTITUTE(SUBSTITUTE($E26,";","；"),"；",REPT(" ",100)),801,100)),"") | O26: =IF(ISNUMBER(SEARCH("；",SUBSTITUTE($E26,";","；"))),TRIM(MID(SUBSTITUTE(SUBSTITUTE($E26,";","；"),"；",REPT(" ",100)),901,100)),"") | P26: =IF(AND(配置数据库!$C34="售前填写",INDEX(配置数据库!$G34:$AG34,1,MATCH($B$3,配置数据库!$G$8:$AG$8,0))<>""),SUMPRODUCT((配置数据库!$C$10:$C34="售前填写")*(INDEX(配置数据库!$G$10:$AG34,0,MATCH($B$3,配置数据库!$G$8:$AG$8,0))<>"")),"") | Q26: =IF(AND(配置数据库!$C34="默认配置",INDEX(配置数据库!$G34:$AG34,1,MATCH($B$3,配置数据库!$G$8:$AG$8,0))<>""),SUMPRODUCT((配置数据库!$C$10:$C34="默认配置")*(INDEX(配置数据库!$G$10:$AG34,0,MATCH($B$3,配置数据库!$G$8:$AG$8,0))<>"")),"")
A27: =IFERROR(INDEX(配置数据库!$A:$A,MATCH(18,$P:$P,0)),"") | B27: =IF($A27="","",IFERROR(LEFT(SUBSTITUTE(IFERROR(INDEX(配置数据库!$G:$AG,MATCH(18,$P:$P,0),MATCH($B$3,配置数据库!$G$8:$AG$8,0)),""),";","；"),FIND("；",SUBSTITUTE(IFERROR(INDEX(配置数据库!$G:$AG,MATCH(18,$P:$P,0),MATCH($B$3,配置数据库!$G$8:$AG$8,0)),""),";","；"))-1),IFERROR(INDEX(配置数据库!$G:$AG,MATCH(18,$P:$P,0),MATCH($B$3,配置数据库!$G$8:$AG$8,0)),""))) | C27: =IF($A27="","","售前填写") | D27: =IF($A27="","",IFERROR(INDEX(配置数据库!$B:$B,MATCH(18,$P:$P,0)),"")) | E27: =IF($A27="","",IFERROR(INDEX(配置数据库!$G:$AG,MATCH($A27,配置数据库!$A:$A,0),MATCH($B$3,配置数据库!$G$8:$AG$8,0)),"")) | F27: =IF(ISNUMBER(SEARCH("；",SUBSTITUTE($E27,";","；"))),TRIM(MID(SUBSTITUTE(SUBSTITUTE($E27,";","；"),"；",REPT(" ",100)),1,100)),"") | G27: =IF(ISNUMBER(SEARCH("；",SUBSTITUTE($E27,";","；"))),TRIM(MID(SUBSTITUTE(SUBSTITUTE($E27,";","；"),"；",REPT(" ",100)),101,100)),"") | H27: =IF(ISNUMBER(SEARCH("；",SUBSTITUTE($E27,";","；"))),TRIM(MID(SUBSTITUTE(SUBSTITUTE($E27,";","；"),"；",REPT(" ",100)),201,100)),"") | I27: =IF(ISNUMBER(SEARCH("；",SUBSTITUTE($E27,";","；"))),TRIM(MID(SUBSTITUTE(SUBSTITUTE($E27,";","；"),"；",REPT(" ",100)),301,100)),"") | J27: =IF(ISNUMBER(SEARCH("；",SUBSTITUTE($E27,";","；"))),TRIM(MID(SUBSTITUTE(SUBSTITUTE($E27,";","；"),"；",REPT(" ",100)),401,100)),"") | K27: =IF(ISNUMBER(SEARCH("；",SUBSTITUTE($E27,";","；"))),TRIM(MID(SUBSTITUTE(SUBSTITUTE($E27,";","；"),"；",REPT(" ",100)),501,100)),"") | L27: =IF(ISNUMBER(SEARCH("；",SUBSTITUTE($E27,";","；"))),TRIM(MID(SUBSTITUTE(SUBSTITUTE($E27,";","；"),"；",REPT(" ",100)),601,100)),"") | M27: =IF(ISNUMBER(SEARCH("；",SUBSTITUTE($E27,";","；"))),TRIM(MID(SUBSTITUTE(SUBSTITUTE($E27,";","；"),"；",REPT(" ",100)),701,100)),"") | N27: =IF(ISNUMBER(SEARCH("；",SUBSTITUTE($E27,";","；"))),TRIM(MID(SUBSTITUTE(SUBSTITUTE($E27,";","；"),"；",REPT(" ",100)),801,100)),"") | O27: =IF(ISNUMBER(SEARCH("；",SUBSTITUTE($E27,";","；"))),TRIM(MID(SUBSTITUTE(SUBSTITUTE($E27,";","；"),"；",REPT(" ",100)),901,100)),"") | P27: =IF(AND(配置数据库!$C35="售前填写",INDEX(配置数据库!$G35:$AG35,1,MATCH($B$3,配置数据库!$G$8:$AG$8,0))<>""),SUMPRODUCT((配置数据库!$C$10:$C35="售前填写")*(INDEX(配置数据库!$G$10:$AG35,0,MATCH($B$3,配置数据库!$G$8:$AG$8,0))<>"")),"") -> 8 | Q27: =IF(AND(配置数据库!$C35="默认配置",INDEX(配置数据库!$G35:$AG35,1,MATCH($B$3,配置数据库!$G$8:$AG$8,0))<>""),SUMPRODUCT((配置数据库!$C$10:$C35="默认配置")*(INDEX(配置数据库!$G$10:$AG35,0,MATCH($B$3,配置数据库!$G$8:$AG$8,0))<>"")),"")
A28: =IFERROR(INDEX(配置数据库!$A:$A,MATCH(19,$P:$P,0)),"") | B28: =IF($A28="","",IFERROR(LEFT(SUBSTITUTE(IFERROR(INDEX(配置数据库!$G:$AG,MATCH(19,$P:$P,0),MATCH($B$3,配置数据库!$G$8:$AG$8,0)),""),";","；"),FIND("；",SUBSTITUTE(IFERROR(INDEX(配置数据库!$G:$AG,MATCH(19,$P:$P,0),MATCH($B$3,配置数据库!$G$8:$AG$8,0)),""),";","；"))-1),IFERROR(INDEX(配置数据库!$G:$AG,MATCH(19,$P:$P,0),MATCH($B$3,配置数据库!$G$8:$AG$8,0)),""))) | C28: =IF($A28="","","售前填写") | D28: =IF($A28="","",IFERROR(INDEX(配置数据库!$B:$B,MATCH(19,$P:$P,0)),"")) | E28: =IF($A28="","",IFERROR(INDEX(配置数据库!$G:$AG,MATCH($A28,配置数据库!$A:$A,0),MATCH($B$3,配置数据库!$G$8:$AG$8,0)),"")) | F28: =IF(ISNUMBER(SEARCH("；",SUBSTITUTE($E28,";","；"))),TRIM(MID(SUBSTITUTE(SUBSTITUTE($E28,";","；"),"；",REPT(" ",100)),1,100)),"") | G28: =IF(ISNUMBER(SEARCH("；",SUBSTITUTE($E28,";","；"))),TRIM(MID(SUBSTITUTE(SUBSTITUTE($E28,";","；"),"；",REPT(" ",100)),101,100)),"") | H28: =IF(ISNUMBER(SEARCH("；",SUBSTITUTE($E28,";","；"))),TRIM(MID(SUBSTITUTE(SUBSTITUTE($E28,";","；"),"；",REPT(" ",100)),201,100)),"") | I28: =IF(ISNUMBER(SEARCH("；",SUBSTITUTE($E28,";","；"))),TRIM(MID(SUBSTITUTE(SUBSTITUTE($E28,";","；"),"；",REPT(" ",100)),301,100)),"") | J28: =IF(ISNUMBER(SEARCH("；",SUBSTITUTE($E28,";","；"))),TRIM(MID(SUBSTITUTE(SUBSTITUTE($E28,";","；"),"；",REPT(" ",100)),401,100)),"") | K28: =IF(ISNUMBER(SEARCH("；",SUBSTITUTE($E28,";","；"))),TRIM(MID(SUBSTITUTE(SUBSTITUTE($E28,";","；"),"；",REPT(" ",100)),501,100)),"") | L28: =IF(ISNUMBER(SEARCH("；",SUBSTITUTE($E28,";","；"))),TRIM(MID(SUBSTITUTE(SUBSTITUTE($E28,";","；"),"；",REPT(" ",100)),601,100)),"") | M28: =IF(ISNUMBER(SEARCH("；",SUBSTITUTE($E28,";","；"))),TRIM(MID(SUBSTITUTE(SUBSTITUTE($E28,";","；"),"；",REPT(" ",100)),701,100)),"") | N28: =IF(ISNUMBER(SEARCH("；",SUBSTITUTE($E28,";","；"))),TRIM(MID(SUBSTITUTE(SUBSTITUTE($E28,";","；"),"；",REPT(" ",100)),801,100)),"") | O28: =IF(ISNUMBER(SEARCH("；",SUBSTITUTE($E28,";","；"))),TRIM(MID(SUBSTITUTE(SUBSTITUTE($E28,";","；"),"；",REPT(" ",100)),901,100)),"") | P28: =IF(AND(配置数据库!#REF!="售前填写",INDEX(配置数据库!#REF!,1,MATCH($B$3,配置数据库!$G$8:$AG$8,0))<>""),SUMPRODUCT((配置数据库!$C$10:$C35="售前填写")*(INDEX(配置数据库!$G$10:$AG35,0,MATCH($B$3,配置数据库!$G$8:$AG$8,0))<>"")),"") -> #REF! | Q28: =IF(AND(配置数据库!#REF!="默认配置",INDEX(配置数据库!#REF!,1,MATCH($B$3,配置数据库!$G$8:$AG$8,0))<>""),SUMPRODUCT((配置数据库!$C$10:$C35="默认配置")*(INDEX(配置数据库!$G$10:$AG35,0,MATCH($B$3,配置数据库!$G$8:$AG$8,0))<>"")),"") -> #REF!
A29: =IFERROR(INDEX(配置数据库!$A:$A,MATCH(20,$P:$P,0)),"") | B29: =IF($A29="","",IFERROR(LEFT(SUBSTITUTE(IFERROR(INDEX(配置数据库!$G:$AG,MATCH(20,$P:$P,0),MATCH($B$3,配置数据库!$G$8:$AG$8,0)),""),";","；"),FIND("；",SUBSTITUTE(IFERROR(INDEX(配置数据库!$G:$AG,MATCH(20,$P:$P,0),MATCH($B$3,配置数据库!$G$8:$AG$8,0)),""),";","；"))-1),IFERROR(INDEX(配置数据库!$G:$AG,MATCH(20,$P:$P,0),MATCH($B$3,配置数据库!$G$8:$AG$8,0)),""))) | C29: =IF($A29="","","售前填写") | D29: =IF($A29="","",IFERROR(INDEX(配置数据库!$B:$B,MATCH(20,$P:$P,0)),"")) | E29: =IF($A29="","",IFERROR(INDEX(配置数据库!$G:$AG,MATCH($A29,配置数据库!$A:$A,0),MATCH($B$3,配置数据库!$G$8:$AG$8,0)),"")) | F29: =IF(ISNUMBER(SEARCH("；",SUBSTITUTE($E29,";","；"))),TRIM(MID(SUBSTITUTE(SUBSTITUTE($E29,";","；"),"；",REPT(" ",100)),1,100)),"") | G29: =IF(ISNUMBER(SEARCH("；",SUBSTITUTE($E29,";","；"))),TRIM(MID(SUBSTITUTE(SUBSTITUTE($E29,";","；"),"；",REPT(" ",100)),101,100)),"") | H29: =IF(ISNUMBER(SEARCH("；",SUBSTITUTE($E29,";","；"))),TRIM(MID(SUBSTITUTE(SUBSTITUTE($E29,";","；"),"；",REPT(" ",100)),201,100)),"") | I29: =IF(ISNUMBER(SEARCH("；",SUBSTITUTE($E29,";","；"))),TRIM(MID(SUBSTITUTE(SUBSTITUTE($E29,";","；"),"；",REPT(" ",100)),301,100)),"") | J29: =IF(ISNUMBER(SEARCH("；",SUBSTITUTE($E29,";","；"))),TRIM(MID(SUBSTITUTE(SUBSTITUTE($E29,";","；"),"；",REPT(" ",100)),401,100)),"") | K29: =IF(ISNUMBER(SEARCH("；",SUBSTITUTE($E29,";","；"))),TRIM(MID(SUBSTITUTE(SUBSTITUTE($E29,";","；"),"；",REPT(" ",100)),501,100)),"") | L29: =IF(ISNUMBER(SEARCH("；",SUBSTITUTE($E29,";","；"))),TRIM(MID(SUBSTITUTE(SUBSTITUTE($E29,";","；"),"；",REPT(" ",100)),601,100)),"") | M29: =IF(ISNUMBER(SEARCH("；",SUBSTITUTE($E29,";","；"))),TRIM(MID(SUBSTITUTE(SUBSTITUTE($E29,";","；"),"；",REPT(" ",100)),701,100)),"") | N29: =IF(ISNUMBER(SEARCH("；",SUBSTITUTE($E29,";","；"))),TRIM(MID(SUBSTITUTE(SUBSTITUTE($E29,";","；"),"；",REPT(" ",100)),801,100)),"") | O29: =IF(ISNUMBER(SEARCH("；",SUBSTITUTE($E29,";","；"))),TRIM(MID(SUBSTITUTE(SUBSTITUTE($E29,";","；"),"；",REPT(" ",100)),901,100)),"") | P29: =IF(AND(配置数据库!$C39="售前填写",INDEX(配置数据库!$G39:$AG39,1,MATCH($B$3,配置数据库!$G$8:$AG$8,0))<>""),SUMPRODUCT((配置数据库!$C$10:$C39="售前填写")*(INDEX(配置数据库!$G$10:$AG39,0,MATCH($B$3,配置数据库!$G$8:$AG$8,0))<>"")),"") -> 10 | Q29: =IF(AND(配置数据库!$C39="默认配置",INDEX(配置数据库!$G39:$AG39,1,MATCH($B$3,配置数据库!$G$8:$AG$8,0))<>""),SUMPRODUCT((配置数据库!$C$10:$C39="默认配置")*(INDEX(配置数据库!$G$10:$AG39,0,MATCH($B$3,配置数据库!$G$8:$AG$8,0))<>"")),"")
A30: =IFERROR(INDEX(配置数据库!$A:$A,MATCH(21,$P:$P,0)),"") | B30: =IF($A30="","",IFERROR(LEFT(SUBSTITUTE(IFERROR(INDEX(配置数据库!$G:$AG,MATCH(21,$P:$P,0),MATCH($B$3,配置数据库!$G$8:$AG$8,0)),""),";","；"),FIND("；",SUBSTITUTE(IFERROR(INDEX(配置数据库!$G:$AG,MATCH(21,$P:$P,0),MATCH($B$3,配置数据库!$G$8:$AG$8,0)),""),";","；"))-1),IFERROR(INDEX(配置数据库!$G:$AG,MATCH(21,$P:$P,0),MATCH($B$3,配置数据库!$G$8:$AG$8,0)),""))) | C30: =IF($A30="","","售前填写") | D30: =IF($A30="","",IFERROR(INDEX(配置数据库!$B:$B,MATCH(21,$P:$P,0)),"")) | E30: =IF($A30="","",IFERROR(INDEX(配置数据库!$G:$AG,MATCH($A30,配置数据库!$A:$A,0),MATCH($B$3,配置数据库!$G$8:$AG$8,0)),"")) | F30: =IF(ISNUMBER(SEARCH("；",SUBSTITUTE($E30,";","；"))),TRIM(MID(SUBSTITUTE(SUBSTITUTE($E30,";","；"),"；",REPT(" ",100)),1,100)),"") | G30: =IF(ISNUMBER(SEARCH("；",SUBSTITUTE($E30,";","；"))),TRIM(MID(SUBSTITUTE(SUBSTITUTE($E30,";","；"),"；",REPT(" ",100)),101,100)),"") | H30: =IF(ISNUMBER(SEARCH("；",SUBSTITUTE($E30,";","；"))),TRIM(MID(SUBSTITUTE(SUBSTITUTE($E30,";","；"),"；",REPT(" ",100)),201,100)),"") | I30: =IF(ISNUMBER(SEARCH("；",SUBSTITUTE($E30,";","；"))),TRIM(MID(SUBSTITUTE(SUBSTITUTE($E30,";","；"),"；",REPT(" ",100)),301,100)),"") | J30: =IF(ISNUMBER(SEARCH("；",SUBSTITUTE($E30,";","；"))),TRIM(MID(SUBSTITUTE(SUBSTITUTE($E30,";","；"),"；",REPT(" ",100)),401,100)),"") | K30: =IF(ISNUMBER(SEARCH("；",SUBSTITUTE($E30,";","；"))),TRIM(MID(SUBSTITUTE(SUBSTITUTE($E30,";","；"),"；",REPT(" ",100)),501,100)),"") | L30: =IF(ISNUMBER(SEARCH("；",SUBSTITUTE($E30,";","；"))),TRIM(MID(SUBSTITUTE(SUBSTITUTE($E30,";","；"),"；",REPT(" ",100)),601,100)),"") | M30: =IF(ISNUMBER(SEARCH("；",SUBSTITUTE($E30,";","；"))),TRIM(MID(SUBSTITUTE(SUBSTITUTE($E30,";","；"),"；",REPT(" ",100)),701,100)),"") | N30: =IF(ISNUMBER(SEARCH("；",SUBSTITUTE($E30,";","；"))),TRIM(MID(SUBSTITUTE(SUBSTITUTE($E30,";","；"),"；",REPT(" ",100)),801,100)),"") | O30: =IF(ISNUMBER(SEARCH("；",SUBSTITUTE($E30,";","；"))),TRIM(MID(SUBSTITUTE(SUBSTITUTE($E30,";","；"),"；",REPT(" ",100)),901,100)),"") | P30: =IF(AND(配置数据库!$C41="售前填写",INDEX(配置数据库!$G41:$AG41,1,MATCH($B$3,配置数据库!$G$8:$AG$8,0))<>""),SUMPRODUCT((配置数据库!$C$10:$C41="售前填写")*(INDEX(配置数据库!$G$10:$AG41,0,MATCH($B$3,配置数据库!$G$8:$AG$8,0))<>"")),"") | Q30: =IF(AND(配置数据库!$C41="默认配置",INDEX(配置数据库!$G41:$AG41,1,MATCH($B$3,配置数据库!$G$8:$AG$8,0))<>""),SUMPRODUCT((配置数据库!$C$10:$C41="默认配置")*(INDEX(配置数据库!$G$10:$AG41,0,MATCH($B$3,配置数据库!$G$8:$AG$8,0))<>"")),"")
A31: =IFERROR(INDEX(配置数据库!$A:$A,MATCH(22,$P:$P,0)),"") | B31: =IF($A31="","",IFERROR(LEFT(SUBSTITUTE(IFERROR(INDEX(配置数据库!$G:$AG,MATCH(22,$P:$P,0),MATCH($B$3,配置数据库!$G$8:$AG$8,0)),""),";","；"),FIND("；",SUBSTITUTE(IFERROR(INDEX(配置数据库!$G:$AG,MATCH(22,$P:$P,0),MATCH($B$3,配置数据库!$G$8:$AG$8,0)),""),";","；"))-1),IFERROR(INDEX(配置数据库!$G:$AG,MATCH(22,$P:$P,0),MATCH($B$3,配置数据库!$G$8:$AG$8,0)),""))) | C31: =IF($A31="","","售前填写") | D31: =IF($A31="","",IFERROR(INDEX(配置数据库!$B:$B,MATCH(22,$P:$P,0)),"")) | E31: =IF($A31="","",IFERROR(INDEX(配置数据库!$G:$AG,MATCH($A31,配置数据库!$A:$A,0),MATCH($B$3,配置数据库!$G$8:$AG$8,0)),"")) | F31: =IF(ISNUMBER(SEARCH("；",SUBSTITUTE($E31,";","；"))),TRIM(MID(SUBSTITUTE(SUBSTITUTE($E31,";","；"),"；",REPT(" ",100)),1,100)),"") | G31: =IF(ISNUMBER(SEARCH("；",SUBSTITUTE($E31,";","；"))),TRIM(MID(SUBSTITUTE(SUBSTITUTE($E31,";","；"),"；",REPT(" ",100)),101,100)),"") | H31: =IF(ISNUMBER(SEARCH("；",SUBSTITUTE($E31,";","；"))),TRIM(MID(SUBSTITUTE(SUBSTITUTE($E31,";","；"),"；",REPT(" ",100)),201,100)),"") | I31: =IF(ISNUMBER(SEARCH("；",SUBSTITUTE($E31,";","；"))),TRIM(MID(SUBSTITUTE(SUBSTITUTE($E31,";","；"),"；",REPT(" ",100)),301,100)),"") | J31: =IF(ISNUMBER(SEARCH("；",SUBSTITUTE($E31,";","；"))),TRIM(MID(SUBSTITUTE(SUBSTITUTE($E31,";","；"),"；",REPT(" ",100)),401,100)),"") | K31: =IF(ISNUMBER(SEARCH("；",SUBSTITUTE($E31,";","；"))),TRIM(MID(SUBSTITUTE(SUBSTITUTE($E31,";","；"),"；",REPT(" ",100)),501,100)),"") | L31: =IF(ISNUMBER(SEARCH("；",SUBSTITUTE($E31,";","；"))),TRIM(MID(SUBSTITUTE(SUBSTITUTE($E31,";","；"),"；",REPT(" ",100)),601,100)),"") | M31: =IF(ISNUMBER(SEARCH("；",SUBSTITUTE($E31,";","；"))),TRIM(MID(SUBSTITUTE(SUBSTITUTE($E31,";","；"),"；",REPT(" ",100)),701,100)),"") | N31: =IF(ISNUMBER(SEARCH("；",SUBSTITUTE($E31,";","；"))),TRIM(MID(SUBSTITUTE(SUBSTITUTE($E31,";","；"),"；",REPT(" ",100)),801,100)),"") | O31: =IF(ISNUMBER(SEARCH("；",SUBSTITUTE($E31,";","；"))),TRIM(MID(SUBSTITUTE(SUBSTITUTE($E31,";","；"),"；",REPT(" ",100)),901,100)),"") | P31: =IF(AND(配置数据库!$C42="售前填写",INDEX(配置数据库!$G42:$AG42,1,MATCH($B$3,配置数据库!$G$8:$AG$8,0))<>""),SUMPRODUCT((配置数据库!$C$10:$C42="售前填写")*(INDEX(配置数据库!$G$10:$AG42,0,MATCH($B$3,配置数据库!$G$8:$AG$8,0))<>"")),"") | Q31: =IF(AND(配置数据库!$C42="默认配置",INDEX(配置数据库!$G42:$AG42,1,MATCH($B$3,配置数据库!$G$8:$AG$8,0))<>""),SUMPRODUCT((配置数据库!$C$10:$C42="默认配置")*(INDEX(配置数据库!$G$10:$AG42,0,MATCH($B$3,配置数据库!$G$8:$AG$8,0))<>"")),"")
A32: =IFERROR(INDEX(配置数据库!$A:$A,MATCH(23,$P:$P,0)),"") | B32: =IF($A32="","",IFERROR(LEFT(SUBSTITUTE(IFERROR(INDEX(配置数据库!$G:$AG,MATCH(23,$P:$P,0),MATCH($B$3,配置数据库!$G$8:$AG$8,0)),""),";","；"),FIND("；",SUBSTITUTE(IFERROR(INDEX(配置数据库!$G:$AG,MATCH(23,$P:$P,0),MATCH($B$3,配置数据库!$G$8:$AG$8,0)),""),";","；"))-1),IFERROR(INDEX(配置数据库!$G:$AG,MATCH(23,$P:$P,0),MATCH($B$3,配置数据库!$G$8:$AG$8,0)),""))) | C32: =IF($A32="","","售前填写") | D32: =IF($A32="","",IFERROR(INDEX(配置数据库!$B:$B,MATCH(23,$P:$P,0)),"")) | E32: =IF($A32="","",IFERROR(INDEX(配置数据库!$G:$AG,MATCH($A32,配置数据库!$A:$A,0),MATCH($B$3,配置数据库!$G$8:$AG$8,0)),"")) | F32: =IF(ISNUMBER(SEARCH("；",SUBSTITUTE($E32,";","；"))),TRIM(MID(SUBSTITUTE(SUBSTITUTE($E32,";","；"),"；",REPT(" ",100)),1,100)),"") | G32: =IF(ISNUMBER(SEARCH("；",SUBSTITUTE($E32,";","；"))),TRIM(MID(SUBSTITUTE(SUBSTITUTE($E32,";","；"),"；",REPT(" ",100)),101,100)),"") | H32: =IF(ISNUMBER(SEARCH("；",SUBSTITUTE($E32,";","；"))),TRIM(MID(SUBSTITUTE(SUBSTITUTE($E32,";","；"),"；",REPT(" ",100)),201,100)),"") | I32: =IF(ISNUMBER(SEARCH("；",SUBSTITUTE($E32,";","；"))),TRIM(MID(SUBSTITUTE(SUBSTITUTE($E32,";","；"),"；",REPT(" ",100)),301,100)),"") | J32: =IF(ISNUMBER(SEARCH("；",SUBSTITUTE($E32,";","；"))),TRIM(MID(SUBSTITUTE(SUBSTITUTE($E32,";","；"),"；",REPT(" ",100)),401,100)),"") | K32: =IF(ISNUMBER(SEARCH("；",SUBSTITUTE($E32,";","；"))),TRIM(MID(SUBSTITUTE(SUBSTITUTE($E32,";","；"),"；",REPT(" ",100)),501,100)),"") | L32: =IF(ISNUMBER(SEARCH("；",SUBSTITUTE($E32,";","；"))),TRIM(MID(SUBSTITUTE(SUBSTITUTE($E32,";","；"),"；",REPT(" ",100)),601,100)),"") | M32: =IF(ISNUMBER(SEARCH("；",SUBSTITUTE($E32,";","；"))),TRIM(MID(SUBSTITUTE(SUBSTITUTE($E32,";","；"),"；",REPT(" ",100)),701,100)),"") | N32: =IF(ISNUMBER(SEARCH("；",SUBSTITUTE($E32,";","；"))),TRIM(MID(SUBSTITUTE(SUBSTITUTE($E32,";","；"),"；",REPT(" ",100)),801,100)),"") | O32: =IF(ISNUMBER(SEARCH("；",SUBSTITUTE($E32,";","；"))),TRIM(MID(SUBSTITUTE(SUBSTITUTE($E32,";","；"),"；",REPT(" ",100)),901,100)),"") | P32: =IF(AND(配置数据库!$C46="售前填写",INDEX(配置数据库!$G46:$AG46,1,MATCH($B$3,配置数据库!$G$8:$AG$8,0))<>""),SUMPRODUCT((配置数据库!$C$10:$C46="售前填写")*(INDEX(配置数据库!$G$10:$AG46,0,MATCH($B$3,配置数据库!$G$8:$AG$8,0))<>"")),"") | Q32: =IF(AND(配置数据库!$C46="默认配置",INDEX(配置数据库!$G46:$AG46,1,MATCH($B$3,配置数据库!$G$8:$AG$8,0))<>""),SUMPRODUCT((配置数据库!$C$10:$C46="默认配置")*(INDEX(配置数据库!$G$10:$AG46,0,MATCH($B$3,配置数据库!$G$8:$AG$8,0))<>"")),"")
A33: =IFERROR(INDEX(配置数据库!$A:$A,MATCH(24,$P:$P,0)),"") | B33: =IF($A33="","",IFERROR(LEFT(SUBSTITUTE(IFERROR(INDEX(配置数据库!$G:$AG,MATCH(24,$P:$P,0),MATCH($B$3,配置数据库!$G$8:$AG$8,0)),""),";","；"),FIND("；",SUBSTITUTE(IFERROR(INDEX(配置数据库!$G:$AG,MATCH(24,$P:$P,0),MATCH($B$3,配置数据库!$G$8:$AG$8,0)),""),";","；"))-1),IFERROR(INDEX(配置数据库!$G:$AG,MATCH(24,$P:$P,0),MATCH($B$3,配置数据库!$G$8:$AG$8,0)),""))) | C33: =IF($A33="","","售前填写") | D33: =IF($A33="","",IFERROR(INDEX(配置数据库!$B:$B,MATCH(24,$P:$P,0)),"")) | E33: =IF($A33="","",IFERROR(INDEX(配置数据库!$G:$AG,MATCH($A33,配置数据库!$A:$A,0),MATCH($B$3,配置数据库!$G$8:$AG$8,0)),"")) | F33: =IF(ISNUMBER(SEARCH("；",SUBSTITUTE($E33,";","；"))),TRIM(MID(SUBSTITUTE(SUBSTITUTE($E33,";","；"),"；",REPT(" ",100)),1,100)),"") | G33: =IF(ISNUMBER(SEARCH("；",SUBSTITUTE($E33,";","；"))),TRIM(MID(SUBSTITUTE(SUBSTITUTE($E33,";","；"),"；",REPT(" ",100)),101,100)),"") | H33: =IF(ISNUMBER(SEARCH("；",SUBSTITUTE($E33,";","；"))),TRIM(MID(SUBSTITUTE(SUBSTITUTE($E33,";","；"),"；",REPT(" ",100)),201,100)),"") | I33: =IF(ISNUMBER(SEARCH("；",SUBSTITUTE($E33,";","；"))),TRIM(MID(SUBSTITUTE(SUBSTITUTE($E33,";","；"),"；",REPT(" ",100)),301,100)),"") | J33: =IF(ISNUMBER(SEARCH("；",SUBSTITUTE($E33,";","；"))),TRIM(MID(SUBSTITUTE(SUBSTITUTE($E33,";","；"),"；",REPT(" ",100)),401,100)),"") | K33: =IF(ISNUMBER(SEARCH("；",SUBSTITUTE($E33,";","；"))),TRIM(MID(SUBSTITUTE(SUBSTITUTE($E33,";","；"),"；",REPT(" ",100)),501,100)),"") | L33: =IF(ISNUMBER(SEARCH("；",SUBSTITUTE($E33,";","；"))),TRIM(MID(SUBSTITUTE(SUBSTITUTE($E33,";","；"),"；",REPT(" ",100)),601,100)),"") | M33: =IF(ISNUMBER(SEARCH("；",SUBSTITUTE($E33,";","；"))),TRIM(MID(SUBSTITUTE(SUBSTITUTE($E33,";","；"),"；",REPT(" ",100)),701,100)),"") | N33: =IF(ISNUMBER(SEARCH("；",SUBSTITUTE($E33,";","；"))),TRIM(MID(SUBSTITUTE(SUBSTITUTE($E33,";","；"),"；",REPT(" ",100)),801,100)),"") | O33: =IF(ISNUMBER(SEARCH("；",SUBSTITUTE($E33,";","；"))),TRIM(MID(SUBSTITUTE(SUBSTITUTE($E33,";","；"),"；",REPT(" ",100)),901,100)),"") | P33: =IF(AND(配置数据库!$C47="售前填写",INDEX(配置数据库!$G47:$AG47,1,MATCH($B$3,配置数据库!$G$8:$AG$8,0))<>""),SUMPRODUCT((配置数据库!$C$10:$C47="售前填写")*(INDEX(配置数据库!$G$10:$AG47,0,MATCH($B$3,配置数据库!$G$8:$AG$8,0))<>"")),"") | Q33: =IF(AND(配置数据库!$C47="默认配置",INDEX(配置数据库!$G47:$AG47,1,MATCH($B$3,配置数据库!$G$8:$AG$8,0))<>""),SUMPRODUCT((配置数据库!$C$10:$C47="默认配置")*(INDEX(配置数据库!$G$10:$AG47,0,MATCH($B$3,配置数据库!$G$8:$AG$8,0))<>"")),"")
A34: =IFERROR(INDEX(配置数据库!$A:$A,MATCH(25,$P:$P,0)),"") | B34: =IF($A34="","",IFERROR(LEFT(SUBSTITUTE(IFERROR(INDEX(配置数据库!$G:$AG,MATCH(25,$P:$P,0),MATCH($B$3,配置数据库!$G$8:$AG$8,0)),""),";","；"),FIND("；",SUBSTITUTE(IFERROR(INDEX(配置数据库!$G:$AG,MATCH(25,$P:$P,0),MATCH($B$3,配置数据库!$G$8:$AG$8,0)),""),";","；"))-1),IFERROR(INDEX(配置数据库!$G:$AG,MATCH(25,$P:$P,0),MATCH($B$3,配置数据库!$G$8:$AG$8,0)),""))) | C34: =IF($A34="","","售前填写") | D34: =IF($A34="","",IFERROR(INDEX(配置数据库!$B:$B,MATCH(25,$P:$P,0)),"")) | E34: =IF($A34="","",IFERROR(INDEX(配置数据库!$G:$AG,MATCH($A34,配置数据库!$A:$A,0),MATCH($B$3,配置数据库!$G$8:$AG$8,0)),"")) | F34: =IF(ISNUMBER(SEARCH("；",SUBSTITUTE($E34,";","；"))),TRIM(MID(SUBSTITUTE(SUBSTITUTE($E34,";","；"),"；",REPT(" ",100)),1,100)),"") | G34: =IF(ISNUMBER(SEARCH("；",SUBSTITUTE($E34,";","；"))),TRIM(MID(SUBSTITUTE(SUBSTITUTE($E34,";","；"),"；",REPT(" ",100)),101,100)),"") | H34: =IF(ISNUMBER(SEARCH("；",SUBSTITUTE($E34,";","；"))),TRIM(MID(SUBSTITUTE(SUBSTITUTE($E34,";","；"),"；",REPT(" ",100)),201,100)),"") | I34: =IF(ISNUMBER(SEARCH("；",SUBSTITUTE($E34,";","；"))),TRIM(MID(SUBSTITUTE(SUBSTITUTE($E34,";","；"),"；",REPT(" ",100)),301,100)),"") | J34: =IF(ISNUMBER(SEARCH("；",SUBSTITUTE($E34,";","；"))),TRIM(MID(SUBSTITUTE(SUBSTITUTE($E34,";","；"),"；",REPT(" ",100)),401,100)),"") | K34: =IF(ISNUMBER(SEARCH("；",SUBSTITUTE($E34,";","；"))),TRIM(MID(SUBSTITUTE(SUBSTITUTE($E34,";","；"),"；",REPT(" ",100)),501,100)),"") | L34: =IF(ISNUMBER(SEARCH("；",SUBSTITUTE($E34,";","；"))),TRIM(MID(SUBSTITUTE(SUBSTITUTE($E34,";","；"),"；",REPT(" ",100)),601,100)),"") | M34: =IF(ISNUMBER(SEARCH("；",SUBSTITUTE($E34,";","；"))),TRIM(MID(SUBSTITUTE(SUBSTITUTE($E34,";","；"),"；",REPT(" ",100)),701,100)),"") | N34: =IF(ISNUMBER(SEARCH("；",SUBSTITUTE($E34,";","；"))),TRIM(MID(SUBSTITUTE(SUBSTITUTE($E34,";","；"),"；",REPT(" ",100)),801,100)),"") | O34: =IF(ISNUMBER(SEARCH("；",SUBSTITUTE($E34,";","；"))),TRIM(MID(SUBSTITUTE(SUBSTITUTE($E34,";","；"),"；",REPT(" ",100)),901,100)),"") | P34: =IF(AND(配置数据库!$C61="售前填写",INDEX(配置数据库!$G61:$AG61,1,MATCH($B$3,配置数据库!$G$8:$AG$8,0))<>""),SUMPRODUCT((配置数据库!$C$10:$C61="售前填写")*(INDEX(配置数据库!$G$10:$AG61,0,MATCH($B$3,配置数据库!$G$8:$AG$8,0))<>"")),"") | Q34: =IF(AND(配置数据库!$C61="默认配置",INDEX(配置数据库!$G61:$AG61,1,MATCH($B$3,配置数据库!$G$8:$AG$8,0))<>""),SUMPRODUCT((配置数据库!$C$10:$C61="默认配置")*(INDEX(配置数据库!$G$10:$AG61,0,MATCH($B$3,配置数据库!$G$8:$AG$8,0))<>"")),"") -> 1
A35: =IFERROR(INDEX(配置数据库!$A:$A,MATCH(26,$P:$P,0)),"") | B35: =IF($A35="","",IFERROR(LEFT(SUBSTITUTE(IFERROR(INDEX(配置数据库!$G:$AG,MATCH(26,$P:$P,0),MATCH($B$3,配置数据库!$G$8:$AG$8,0)),""),";","；"),FIND("；",SUBSTITUTE(IFERROR(INDEX(配置数据库!$G:$AG,MATCH(26,$P:$P,0),MATCH($B$3,配置数据库!$G$8:$AG$8,0)),""),";","；"))-1),IFERROR(INDEX(配置数据库!$G:$AG,MATCH(26,$P:$P,0),MATCH($B$3,配置数据库!$G$8:$AG$8,0)),""))) | C35: =IF($A35="","","售前填写") | D35: =IF($A35="","",IFERROR(INDEX(配置数据库!$B:$B,MATCH(26,$P:$P,0)),"")) | E35: =IF($A35="","",IFERROR(INDEX(配置数据库!$G:$AG,MATCH($A35,配置数据库!$A:$A,0),MATCH($B$3,配置数据库!$G$8:$AG$8,0)),"")) | F35: =IF(ISNUMBER(SEARCH("；",SUBSTITUTE($E35,";","；"))),TRIM(MID(SUBSTITUTE(SUBSTITUTE($E35,";","；"),"；",REPT(" ",100)),1,100)),"") | G35: =IF(ISNUMBER(SEARCH("；",SUBSTITUTE($E35,";","；"))),TRIM(MID(SUBSTITUTE(SUBSTITUTE($E35,";","；"),"；",REPT(" ",100)),101,100)),"") | H35: =IF(ISNUMBER(SEARCH("；",SUBSTITUTE($E35,";","；"))),TRIM(MID(SUBSTITUTE(SUBSTITUTE($E35,";","；"),"；",REPT(" ",100)),201,100)),"") | I35: =IF(ISNUMBER(SEARCH("；",SUBSTITUTE($E35,";","；"))),TRIM(MID(SUBSTITUTE(SUBSTITUTE($E35,";","；"),"；",REPT(" ",100)),301,100)),"") | J35: =IF(ISNUMBER(SEARCH("；",SUBSTITUTE($E35,";","；"))),TRIM(MID(SUBSTITUTE(SUBSTITUTE($E35,";","；"),"；",REPT(" ",100)),401,100)),"") | K35: =IF(ISNUMBER(SEARCH("；",SUBSTITUTE($E35,";","；"))),TRIM(MID(SUBSTITUTE(SUBSTITUTE($E35,";","；"),"；",REPT(" ",100)),501,100)),"") | L35: =IF(ISNUMBER(SEARCH("；",SUBSTITUTE($E35,";","；"))),TRIM(MID(SUBSTITUTE(SUBSTITUTE($E35,";","；"),"；",REPT(" ",100)),601,100)),"") | M35: =IF(ISNUMBER(SEARCH("；",SUBSTITUTE($E35,";","；"))),TRIM(MID(SUBSTITUTE(SUBSTITUTE($E35,";","；"),"；",REPT(" ",100)),701,100)),"") | N35: =IF(ISNUMBER(SEARCH("；",SUBSTITUTE($E35,";","；"))),TRIM(MID(SUBSTITUTE(SUBSTITUTE($E35,";","；"),"；",REPT(" ",100)),801,100)),"") | O35: =IF(ISNUMBER(SEARCH("；",SUBSTITUTE($E35,";","；"))),TRIM(MID(SUBSTITUTE(SUBSTITUTE($E35,";","；"),"；",REPT(" ",100)),901,100)),"") | P35: =IF(AND(配置数据库!$C62="售前填写",INDEX(配置数据库!$G62:$AG62,1,MATCH($B$3,配置数据库!$G$8:$AG$8,0))<>""),SUMPRODUCT((配置数据库!$C$10:$C62="售前填写")*(INDEX(配置数据库!$G$10:$AG62,0,MATCH($B$3,配置数据库!$G$8:$AG$8,0))<>"")),"") | Q35: =IF(AND(配置数据库!$C62="默认配置",INDEX(配置数据库!$G62:$AG62,1,MATCH($B$3,配置数据库!$G$8:$AG$8,0))<>""),SUMPRODUCT((配置数据库!$C$10:$C62="默认配置")*(INDEX(配置数据库!$G$10:$AG62,0,MATCH($B$3,配置数据库!$G$8:$AG$8,0))<>"")),"") -> 2
A36: =IFERROR(INDEX(配置数据库!$A:$A,MATCH(27,$P:$P,0)),"") | B36: =IF($A36="","",IFERROR(LEFT(SUBSTITUTE(IFERROR(INDEX(配置数据库!$G:$AG,MATCH(27,$P:$P,0),MATCH($B$3,配置数据库!$G$8:$AG$8,0)),""),";","；"),FIND("；",SUBSTITUTE(IFERROR(INDEX(配置数据库!$G:$AG,MATCH(27,$P:$P,0),MATCH($B$3,配置数据库!$G$8:$AG$8,0)),""),";","；"))-1),IFERROR(INDEX(配置数据库!$G:$AG,MATCH(27,$P:$P,0),MATCH($B$3,配置数据库!$G$8:$AG$8,0)),""))) | C36: =IF($A36="","","售前填写") | D36: =IF($A36="","",IFERROR(INDEX(配置数据库!$B:$B,MATCH(27,$P:$P,0)),"")) | E36: =IF($A36="","",IFERROR(INDEX(配置数据库!$G:$AG,MATCH($A36,配置数据库!$A:$A,0),MATCH($B$3,配置数据库!$G$8:$AG$8,0)),"")) | F36: =IF(ISNUMBER(SEARCH("；",SUBSTITUTE($E36,";","；"))),TRIM(MID(SUBSTITUTE(SUBSTITUTE($E36,";","；"),"；",REPT(" ",100)),1,100)),"") | G36: =IF(ISNUMBER(SEARCH("；",SUBSTITUTE($E36,";","；"))),TRIM(MID(SUBSTITUTE(SUBSTITUTE($E36,";","；"),"；",REPT(" ",100)),101,100)),"") | H36: =IF(ISNUMBER(SEARCH("；",SUBSTITUTE($E36,";","；"))),TRIM(MID(SUBSTITUTE(SUBSTITUTE($E36,";","；"),"；",REPT(" ",100)),201,100)),"") | I36: =IF(ISNUMBER(SEARCH("；",SUBSTITUTE($E36,";","；"))),TRIM(MID(SUBSTITUTE(SUBSTITUTE($E36,";","；"),"；",REPT(" ",100)),301,100)),"") | J36: =IF(ISNUMBER(SEARCH("；",SUBSTITUTE($E36,";","；"))),TRIM(MID(SUBSTITUTE(SUBSTITUTE($E36,";","；"),"；",REPT(" ",100)),401,100)),"") | K36: =IF(ISNUMBER(SEARCH("；",SUBSTITUTE($E36,";","；"))),TRIM(MID(SUBSTITUTE(SUBSTITUTE($E36,";","；"),"；",REPT(" ",100)),501,100)),"") | L36: =IF(ISNUMBER(SEARCH("；",SUBSTITUTE($E36,";","；"))),TRIM(MID(SUBSTITUTE(SUBSTITUTE($E36,";","；"),"；",REPT(" ",100)),601,100)),"") | M36: =IF(ISNUMBER(SEARCH("；",SUBSTITUTE($E36,";","；"))),TRIM(MID(SUBSTITUTE(SUBSTITUTE($E36,";","；"),"；",REPT(" ",100)),701,100)),"") | N36: =IF(ISNUMBER(SEARCH("；",SUBSTITUTE($E36,";","；"))),TRIM(MID(SUBSTITUTE(SUBSTITUTE($E36,";","；"),"；",REPT(" ",100)),801,100)),"") | O36: =IF(ISNUMBER(SEARCH("；",SUBSTITUTE($E36,";","；"))),TRIM(MID(SUBSTITUTE(SUBSTITUTE($E36,";","；"),"；",REPT(" ",100)),901,100)),"") | P36: =IF(AND(配置数据库!$C63="售前填写",INDEX(配置数据库!$G63:$AG63,1,MATCH($B$3,配置数据库!$G$8:$AG$8,0))<>""),SUMPRODUCT((配置数据库!$C$10:$C63="售前填写")*(INDEX(配置数据库!$G$10:$AG63,0,MATCH($B$3,配置数据库!$G$8:$AG$8,0))<>"")),"") | Q36: =IF(AND(配置数据库!$C63="默认配置",INDEX(配置数据库!$G63:$AG63,1,MATCH($B$3,配置数据库!$G$8:$AG$8,0))<>""),SUMPRODUCT((配置数据库!$C$10:$C63="默认配置")*(INDEX(配置数据库!$G$10:$AG63,0,MATCH($B$3,配置数据库!$G$8:$AG$8,0))<>"")),"") -> 3
A37: =IFERROR(INDEX(配置数据库!$A:$A,MATCH(28,$P:$P,0)),"") | B37: =IF($A37="","",IFERROR(LEFT(SUBSTITUTE(IFERROR(INDEX(配置数据库!$G:$AG,MATCH(28,$P:$P,0),MATCH($B$3,配置数据库!$G$8:$AG$8,0)),""),";","；"),FIND("；",SUBSTITUTE(IFERROR(INDEX(配置数据库!$G:$AG,MATCH(28,$P:$P,0),MATCH($B$3,配置数据库!$G$8:$AG$8,0)),""),";","；"))-1),IFERROR(INDEX(配置数据库!$G:$AG,MATCH(28,$P:$P,0),MATCH($B$3,配置数据库!$G$8:$AG$8,0)),""))) | C37: =IF($A37="","","售前填写") | D37: =IF($A37="","",IFERROR(INDEX(配置数据库!$B:$B,MATCH(28,$P:$P,0)),"")) | E37: =IF($A37="","",IFERROR(INDEX(配置数据库!$G:$AG,MATCH($A37,配置数据库!$A:$A,0),MATCH($B$3,配置数据库!$G$8:$AG$8,0)),"")) | F37: =IF(ISNUMBER(SEARCH("；",SUBSTITUTE($E37,";","；"))),TRIM(MID(SUBSTITUTE(SUBSTITUTE($E37,";","；"),"；",REPT(" ",100)),1,100)),"") | G37: =IF(ISNUMBER(SEARCH("；",SUBSTITUTE($E37,";","；"))),TRIM(MID(SUBSTITUTE(SUBSTITUTE($E37,";","；"),"；",REPT(" ",100)),101,100)),"") | H37: =IF(ISNUMBER(SEARCH("；",SUBSTITUTE($E37,";","；"))),TRIM(MID(SUBSTITUTE(SUBSTITUTE($E37,";","；"),"；",REPT(" ",100)),201,100)),"") | I37: =IF(ISNUMBER(SEARCH("；",SUBSTITUTE($E37,";","；"))),TRIM(MID(SUBSTITUTE(SUBSTITUTE($E37,";","；"),"；",REPT(" ",100)),301,100)),"") | J37: =IF(ISNUMBER(SEARCH("；",SUBSTITUTE($E37,";","；"))),TRIM(MID(SUBSTITUTE(SUBSTITUTE($E37,";","；"),"；",REPT(" ",100)),401,100)),"") | K37: =IF(ISNUMBER(SEARCH("；",SUBSTITUTE($E37,";","；"))),TRIM(MID(SUBSTITUTE(SUBSTITUTE($E37,";","；"),"；",REPT(" ",100)),501,100)),"") | L37: =IF(ISNUMBER(SEARCH("；",SUBSTITUTE($E37,";","；"))),TRIM(MID(SUBSTITUTE(SUBSTITUTE($E37,";","；"),"；",REPT(" ",100)),601,100)),"") | M37: =IF(ISNUMBER(SEARCH("；",SUBSTITUTE($E37,";","；"))),TRIM(MID(SUBSTITUTE(SUBSTITUTE($E37,";","；"),"；",REPT(" ",100)),701,100)),"") | N37: =IF(ISNUMBER(SEARCH("；",SUBSTITUTE($E37,";","；"))),TRIM(MID(SUBSTITUTE(SUBSTITUTE($E37,";","；"),"；",REPT(" ",100)),801,100)),"") | O37: =IF(ISNUMBER(SEARCH("；",SUBSTITUTE($E37,";","；"))),TRIM(MID(SUBSTITUTE(SUBSTITUTE($E37,";","；"),"；",REPT(" ",100)),901,100)),"") | P37: =IF(AND(配置数据库!$C64="售前填写",INDEX(配置数据库!$G64:$AG64,1,MATCH($B$3,配置数据库!$G$8:$AG$8,0))<>""),SUMPRODUCT((配置数据库!$C$10:$C64="售前填写")*(INDEX(配置数据库!$G$10:$AG64,0,MATCH($B$3,配置数据库!$G$8:$AG$8,0))<>"")),"") | Q37: =IF(AND(配置数据库!$C64="默认配置",INDEX(配置数据库!$G64:$AG64,1,MATCH($B$3,配置数据库!$G$8:$AG$8,0))<>""),SUMPRODUCT((配置数据库!$C$10:$C64="默认配置")*(INDEX(配置数据库!$G$10:$AG64,0,MATCH($B$3,配置数据库!$G$8:$AG$8,0))<>"")),"") -> 4
A38: =IFERROR(INDEX(配置数据库!$A:$A,MATCH(29,$P:$P,0)),"") | B38: =IF($A38="","",IFERROR(LEFT(SUBSTITUTE(IFERROR(INDEX(配置数据库!$G:$AG,MATCH(29,$P:$P,0),MATCH($B$3,配置数据库!$G$8:$AG$8,0)),""),";","；"),FIND("；",SUBSTITUTE(IFERROR(INDEX(配置数据库!$G:$AG,MATCH(29,$P:$P,0),MATCH($B$3,配置数据库!$G$8:$AG$8,0)),""),";","；"))-1),IFERROR(INDEX(配置数据库!$G:$AG,MATCH(29,$P:$P,0),MATCH($B$3,配置数据库!$G$8:$AG$8,0)),""))) | C38: =IF($A38="","","售前填写") | D38: =IF($A38="","",IFERROR(INDEX(配置数据库!$B:$B,MATCH(29,$P:$P,0)),"")) | E38: =IF($A38="","",IFERROR(INDEX(配置数据库!$G:$AG,MATCH($A38,配置数据库!$A:$A,0),MATCH($B$3,配置数据库!$G$8:$AG$8,0)),"")) | F38: =IF(ISNUMBER(SEARCH("；",SUBSTITUTE($E38,";","；"))),TRIM(MID(SUBSTITUTE(SUBSTITUTE($E38,";","；"),"；",REPT(" ",100)),1,100)),"") | G38: =IF(ISNUMBER(SEARCH("；",SUBSTITUTE($E38,";","；"))),TRIM(MID(SUBSTITUTE(SUBSTITUTE($E38,";","；"),"；",REPT(" ",100)),101,100)),"") | H38: =IF(ISNUMBER(SEARCH("；",SUBSTITUTE($E38,";","；"))),TRIM(MID(SUBSTITUTE(SUBSTITUTE($E38,";","；"),"；",REPT(" ",100)),201,100)),"") | I38: =IF(ISNUMBER(SEARCH("；",SUBSTITUTE($E38,";","；"))),TRIM(MID(SUBSTITUTE(SUBSTITUTE($E38,";","；"),"；",REPT(" ",100)),301,100)),"") | J38: =IF(ISNUMBER(SEARCH("；",SUBSTITUTE($E38,";","；"))),TRIM(MID(SUBSTITUTE(SUBSTITUTE($E38,";","；"),"；",REPT(" ",100)),401,100)),"") | K38: =IF(ISNUMBER(SEARCH("；",SUBSTITUTE($E38,";","；"))),TRIM(MID(SUBSTITUTE(SUBSTITUTE($E38,";","；"),"；",REPT(" ",100)),501,100)),"") | L38: =IF(ISNUMBER(SEARCH("；",SUBSTITUTE($E38,";","；"))),TRIM(MID(SUBSTITUTE(SUBSTITUTE($E38,";","；"),"；",REPT(" ",100)),601,100)),"") | M38: =IF(ISNUMBER(SEARCH("；",SUBSTITUTE($E38,";","；"))),TRIM(MID(SUBSTITUTE(SUBSTITUTE($E38,";","；"),"；",REPT(" ",100)),701,100)),"") | N38: =IF(ISNUMBER(SEARCH("；",SUBSTITUTE($E38,";","；"))),TRIM(MID(SUBSTITUTE(SUBSTITUTE($E38,";","；"),"；",REPT(" ",100)),801,100)),"") | O38: =IF(ISNUMBER(SEARCH("；",SUBSTITUTE($E38,";","；"))),TRIM(MID(SUBSTITUTE(SUBSTITUTE($E38,";","；"),"；",REPT(" ",100)),901,100)),"") | P38: =IF(AND(配置数据库!$C65="售前填写",INDEX(配置数据库!$G65:$AG65,1,MATCH($B$3,配置数据库!$G$8:$AG$8,0))<>""),SUMPRODUCT((配置数据库!$C$10:$C65="售前填写")*(INDEX(配置数据库!$G$10:$AG65,0,MATCH($B$3,配置数据库!$G$8:$AG$8,0))<>"")),"") | Q38: =IF(AND(配置数据库!$C65="默认配置",INDEX(配置数据库!$G65:$AG65,1,MATCH($B$3,配置数据库!$G$8:$AG$8,0))<>""),SUMPRODUCT((配置数据库!$C$10:$C65="默认配置")*(INDEX(配置数据库!$G$10:$AG65,0,MATCH($B$3,配置数据库!$G$8:$AG$8,0))<>"")),"") -> 5
A39: =IFERROR(INDEX(配置数据库!$A:$A,MATCH(30,$P:$P,0)),"") | B39: =IF($A39="","",IFERROR(LEFT(SUBSTITUTE(IFERROR(INDEX(配置数据库!$G:$AG,MATCH(30,$P:$P,0),MATCH($B$3,配置数据库!$G$8:$AG$8,0)),""),";","；"),FIND("；",SUBSTITUTE(IFERROR(INDEX(配置数据库!$G:$AG,MATCH(30,$P:$P,0),MATCH($B$3,配置数据库!$G$8:$AG$8,0)),""),";","；"))-1),IFERROR(INDEX(配置数据库!$G:$AG,MATCH(30,$P:$P,0),MATCH($B$3,配置数据库!$G$8:$AG$8,0)),""))) | C39: =IF($A39="","","售前填写") | D39: =IF($A39="","",IFERROR(INDEX(配置数据库!$B:$B,MATCH(30,$P:$P,0)),"")) | E39: =IF($A39="","",IFERROR(INDEX(配置数据库!$G:$AG,MATCH($A39,配置数据库!$A:$A,0),MATCH($B$3,配置数据库!$G$8:$AG$8,0)),"")) | F39: =IF(ISNUMBER(SEARCH("；",SUBSTITUTE($E39,";","；"))),TRIM(MID(SUBSTITUTE(SUBSTITUTE($E39,";","；"),"；",REPT(" ",100)),1,100)),"") | G39: =IF(ISNUMBER(SEARCH("；",SUBSTITUTE($E39,";","；"))),TRIM(MID(SUBSTITUTE(SUBSTITUTE($E39,";","；"),"；",REPT(" ",100)),101,100)),"") | H39: =IF(ISNUMBER(SEARCH("；",SUBSTITUTE($E39,";","；"))),TRIM(MID(SUBSTITUTE(SUBSTITUTE($E39,";","；"),"；",REPT(" ",100)),201,100)),"") | I39: =IF(ISNUMBER(SEARCH("；",SUBSTITUTE($E39,";","；"))),TRIM(MID(SUBSTITUTE(SUBSTITUTE($E39,";","；"),"；",REPT(" ",100)),301,100)),"") | J39: =IF(ISNUMBER(SEARCH("；",SUBSTITUTE($E39,";","；"))),TRIM(MID(SUBSTITUTE(SUBSTITUTE($E39,";","；"),"；",REPT(" ",100)),401,100)),"") | K39: =IF(ISNUMBER(SEARCH("；",SUBSTITUTE($E39,";","；"))),TRIM(MID(SUBSTITUTE(SUBSTITUTE($E39,";","；"),"；",REPT(" ",100)),501,100)),"") | L39: =IF(ISNUMBER(SEARCH("；",SUBSTITUTE($E39,";","；"))),TRIM(MID(SUBSTITUTE(SUBSTITUTE($E39,";","；"),"；",REPT(" ",100)),601,100)),"") | M39: =IF(ISNUMBER(SEARCH("；",SUBSTITUTE($E39,";","；"))),TRIM(MID(SUBSTITUTE(SUBSTITUTE($E39,";","；"),"；",REPT(" ",100)),701,100)),"") | N39: =IF(ISNUMBER(SEARCH("；",SUBSTITUTE($E39,";","；"))),TRIM(MID(SUBSTITUTE(SUBSTITUTE($E39,";","；"),"；",REPT(" ",100)),801,100)),"") | O39: =IF(ISNUMBER(SEARCH("；",SUBSTITUTE($E39,";","；"))),TRIM(MID(SUBSTITUTE(SUBSTITUTE($E39,";","；"),"；",REPT(" ",100)),901,100)),"") | P39: =IF(AND(配置数据库!$C70="售前填写",INDEX(配置数据库!$G70:$AG70,1,MATCH($B$3,配置数据库!$G$8:$AG$8,0))<>""),SUMPRODUCT((配置数据库!$C$10:$C70="售前填写")*(INDEX(配置数据库!$G$10:$AG70,0,MATCH($B$3,配置数据库!$G$8:$AG$8,0))<>"")),"") | Q39: =IF(AND(配置数据库!$C70="默认配置",INDEX(配置数据库!$G70:$AG70,1,MATCH($B$3,配置数据库!$G$8:$AG$8,0))<>""),SUMPRODUCT((配置数据库!$C$10:$C70="默认配置")*(INDEX(配置数据库!$G$10:$AG70,0,MATCH($B$3,配置数据库!$G$8:$AG$8,0))<>"")),"")
A40: =IFERROR(INDEX(配置数据库!$A:$A,MATCH(31,$P:$P,0)),"") | B40: =IF($A40="","",IFERROR(LEFT(SUBSTITUTE(IFERROR(INDEX(配置数据库!$G:$AG,MATCH(31,$P:$P,0),MATCH($B$3,配置数据库!$G$8:$AG$8,0)),""),";","；"),FIND("；",SUBSTITUTE(IFERROR(INDEX(配置数据库!$G:$AG,MATCH(31,$P:$P,0),MATCH($B$3,配置数据库!$G$8:$AG$8,0)),""),";","；"))-1),IFERROR(INDEX(配置数据库!$G:$AG,MATCH(31,$P:$P,0),MATCH($B$3,配置数据库!$G$8:$AG$8,0)),""))) | C40: =IF($A40="","","售前填写") | D40: =IF($A40="","",IFERROR(INDEX(配置数据库!$B:$B,MATCH(31,$P:$P,0)),"")) | E40: =IF($A40="","",IFERROR(INDEX(配置数据库!$G:$AG,MATCH($A40,配置数据库!$A:$A,0),MATCH($B$3,配置数据库!$G$8:$AG$8,0)),"")) | F40: =IF(ISNUMBER(SEARCH("；",SUBSTITUTE($E40,";","；"))),TRIM(MID(SUBSTITUTE(SUBSTITUTE($E40,";","；"),"；",REPT(" ",100)),1,100)),"") | G40: =IF(ISNUMBER(SEARCH("；",SUBSTITUTE($E40,";","；"))),TRIM(MID(SUBSTITUTE(SUBSTITUTE($E40,";","；"),"；",REPT(" ",100)),101,100)),"") | H40: =IF(ISNUMBER(SEARCH("；",SUBSTITUTE($E40,";","；"))),TRIM(MID(SUBSTITUTE(SUBSTITUTE($E40,";","；"),"；",REPT(" ",100)),201,100)),"") | I40: =IF(ISNUMBER(SEARCH("；",SUBSTITUTE($E40,";","；"))),TRIM(MID(SUBSTITUTE(SUBSTITUTE($E40,";","；"),"；",REPT(" ",100)),301,100)),"") | J40: =IF(ISNUMBER(SEARCH("；",SUBSTITUTE($E40,";","；"))),TRIM(MID(SUBSTITUTE(SUBSTITUTE($E40,";","；"),"；",REPT(" ",100)),401,100)),"") | K40: =IF(ISNUMBER(SEARCH("；",SUBSTITUTE($E40,";","；"))),TRIM(MID(SUBSTITUTE(SUBSTITUTE($E40,";","；"),"；",REPT(" ",100)),501,100)),"") | L40: =IF(ISNUMBER(SEARCH("；",SUBSTITUTE($E40,";","；"))),TRIM(MID(SUBSTITUTE(SUBSTITUTE($E40,";","；"),"；",REPT(" ",100)),601,100)),"") | M40: =IF(ISNUMBER(SEARCH("；",SUBSTITUTE($E40,";","；"))),TRIM(MID(SUBSTITUTE(SUBSTITUTE($E40,";","；"),"；",REPT(" ",100)),701,100)),"") | N40: =IF(ISNUMBER(SEARCH("；",SUBSTITUTE($E40,";","；"))),TRIM(MID(SUBSTITUTE(SUBSTITUTE($E40,";","；"),"；",REPT(" ",100)),801,100)),"") | O40: =IF(ISNUMBER(SEARCH("；",SUBSTITUTE($E40,";","；"))),TRIM(MID(SUBSTITUTE(SUBSTITUTE($E40,";","；"),"；",REPT(" ",100)),901,100)),"") | P40: =IF(AND(配置数据库!$C71="售前填写",INDEX(配置数据库!$G71:$AG71,1,MATCH($B$3,配置数据库!$G$8:$AG$8,0))<>""),SUMPRODUCT((配置数据库!$C$10:$C71="售前填写")*(INDEX(配置数据库!$G$10:$AG71,0,MATCH($B$3,配置数据库!$G$8:$AG$8,0))<>"")),"") | Q40: =IF(AND(配置数据库!$C71="默认配置",INDEX(配置数据库!$G71:$AG71,1,MATCH($B$3,配置数据库!$G$8:$AG$8,0))<>""),SUMPRODUCT((配置数据库!$C$10:$C71="默认配置")*(INDEX(配置数据库!$G$10:$AG71,0,MATCH($B$3,配置数据库!$G$8:$AG$8,0))<>"")),"") -> 6
A41: =IFERROR(INDEX(配置数据库!$A:$A,MATCH(32,$P:$P,0)),"") | B41: =IF($A41="","",IFERROR(LEFT(SUBSTITUTE(IFERROR(INDEX(配置数据库!$G:$AG,MATCH(32,$P:$P,0),MATCH($B$3,配置数据库!$G$8:$AG$8,0)),""),";","；"),FIND("；",SUBSTITUTE(IFERROR(INDEX(配置数据库!$G:$AG,MATCH(32,$P:$P,0),MATCH($B$3,配置数据库!$G$8:$AG$8,0)),""),";","；"))-1),IFERROR(INDEX(配置数据库!$G:$AG,MATCH(32,$P:$P,0),MATCH($B$3,配置数据库!$G$8:$AG$8,0)),""))) | C41: =IF($A41="","","售前填写") | D41: =IF($A41="","",IFERROR(INDEX(配置数据库!$B:$B,MATCH(32,$P:$P,0)),"")) | E41: =IF($A41="","",IFERROR(INDEX(配置数据库!$G:$AG,MATCH($A41,配置数据库!$A:$A,0),MATCH($B$3,配置数据库!$G$8:$AG$8,0)),"")) | F41: =IF(ISNUMBER(SEARCH("；",SUBSTITUTE($E41,";","；"))),TRIM(MID(SUBSTITUTE(SUBSTITUTE($E41,";","；"),"；",REPT(" ",100)),1,100)),"") | G41: =IF(ISNUMBER(SEARCH("；",SUBSTITUTE($E41,";","；"))),TRIM(MID(SUBSTITUTE(SUBSTITUTE($E41,";","；"),"；",REPT(" ",100)),101,100)),"") | H41: =IF(ISNUMBER(SEARCH("；",SUBSTITUTE($E41,";","；"))),TRIM(MID(SUBSTITUTE(SUBSTITUTE($E41,";","；"),"；",REPT(" ",100)),201,100)),"") | I41: =IF(ISNUMBER(SEARCH("；",SUBSTITUTE($E41,";","；"))),TRIM(MID(SUBSTITUTE(SUBSTITUTE($E41,";","；"),"；",REPT(" ",100)),301,100)),"") | J41: =IF(ISNUMBER(SEARCH("；",SUBSTITUTE($E41,";","；"))),TRIM(MID(SUBSTITUTE(SUBSTITUTE($E41,";","；"),"；",REPT(" ",100)),401,100)),"") | K41: =IF(ISNUMBER(SEARCH("；",SUBSTITUTE($E41,";","；"))),TRIM(MID(SUBSTITUTE(SUBSTITUTE($E41,";","；"),"；",REPT(" ",100)),501,100)),"") | L41: =IF(ISNUMBER(SEARCH("；",SUBSTITUTE($E41,";","；"))),TRIM(MID(SUBSTITUTE(SUBSTITUTE($E41,";","；"),"；",REPT(" ",100)),601,100)),"") | M41: =IF(ISNUMBER(SEARCH("；",SUBSTITUTE($E41,";","；"))),TRIM(MID(SUBSTITUTE(SUBSTITUTE($E41,";","；"),"；",REPT(" ",100)),701,100)),"") | N41: =IF(ISNUMBER(SEARCH("；",SUBSTITUTE($E41,";","；"))),TRIM(MID(SUBSTITUTE(SUBSTITUTE($E41,";","；"),"；",REPT(" ",100)),801,100)),"") | O41: =IF(ISNUMBER(SEARCH("；",SUBSTITUTE($E41,";","；"))),TRIM(MID(SUBSTITUTE(SUBSTITUTE($E41,";","；"),"；",REPT(" ",100)),901,100)),"") | P41: =IF(AND(配置数据库!$C72="售前填写",INDEX(配置数据库!$G72:$AG72,1,MATCH($B$3,配置数据库!$G$8:$AG$8,0))<>""),SUMPRODUCT((配置数据库!$C$10:$C72="售前填写")*(INDEX(配置数据库!$G$10:$AG72,0,MATCH($B$3,配置数据库!$G$8:$AG$8,0))<>"")),"") | Q41: =IF(AND(配置数据库!$C72="默认配置",INDEX(配置数据库!$G72:$AG72,1,MATCH($B$3,配置数据库!$G$8:$AG$8,0))<>""),SUMPRODUCT((配置数据库!$C$10:$C72="默认配置")*(INDEX(配置数据库!$G$10:$AG72,0,MATCH($B$3,配置数据库!$G$8:$AG$8,0))<>"")),"") -> 7
A42: 默认配置展示区 | P42: =IF(AND(配置数据库!$C73="售前填写",INDEX(配置数据库!$G73:$AG73,1,MATCH($B$3,配置数据库!$G$8:$AG$8,0))<>""),SUMPRODUCT((配置数据库!$C$10:$C73="售前填写")*(INDEX(配置数据库!$G$10:$AG73,0,MATCH($B$3,配置数据库!$G$8:$AG$8,0))<>"")),"") | Q42: =IF(AND(配置数据库!$C73="默认配置",INDEX(配置数据库!$G73:$AG73,1,MATCH($B$3,配置数据库!$G$8:$AG$8,0))<>""),SUMPRODUCT((配置数据库!$C$10:$C73="默认配置")*(INDEX(配置数据库!$G$10:$AG73,0,MATCH($B$3,配置数据库!$G$8:$AG$8,0))<>"")),"") -> 8
A43: =IFERROR(INDEX(配置数据库!$A:$A,MATCH(1,$Q:$Q,0)),"") -> 现场电压 | B43: =IF($A43="","",IFERROR(LEFT(SUBSTITUTE(IFERROR(INDEX(配置数据库!$G:$AG,MATCH(1,$Q:$Q,0),MATCH($B$3,配置数据库!$G$8:$AG$8,0)),""),";","；"),FIND("；",SUBSTITUTE(IFERROR(INDEX(配置数据库!$G:$AG,MATCH(1,$Q:$Q,0),MATCH($B$3,配置数据库!$G$8:$AG$8,0)),""),";","；"))-1),IFERROR(INDEX(配置数据库!$G:$AG,MATCH(1,$Q:$Q,0),MATCH($B$3,配置数据库!$G$8:$AG$8,0)),""))) | C43: =IF($A43="","","自动带出") -> 自动带出 | D43: =IF($A43="","",IFERROR(INDEX(配置数据库!$B:$B,MATCH(1,$Q:$Q,0)),"")) | E43: =IF($A43="","",IFERROR(INDEX(配置数据库!$G:$AG,MATCH($A43,配置数据库!$A:$A,0),MATCH($B$3,配置数据库!$G$8:$AG$8,0)),"")) | F43: =IF(ISNUMBER(SEARCH("；",SUBSTITUTE($E43,";","；"))),TRIM(MID(SUBSTITUTE(SUBSTITUTE($E43,";","；"),"；",REPT(" ",100)),1,100)),"") | G43: =IF(ISNUMBER(SEARCH("；",SUBSTITUTE($E43,";","；"))),TRIM(MID(SUBSTITUTE(SUBSTITUTE($E43,";","；"),"；",REPT(" ",100)),101,100)),"") | H43: =IF(ISNUMBER(SEARCH("；",SUBSTITUTE($E43,";","；"))),TRIM(MID(SUBSTITUTE(SUBSTITUTE($E43,";","；"),"；",REPT(" ",100)),201,100)),"") | I43: =IF(ISNUMBER(SEARCH("；",SUBSTITUTE($E43,";","；"))),TRIM(MID(SUBSTITUTE(SUBSTITUTE($E43,";","；"),"；",REPT(" ",100)),301,100)),"") | J43: =IF(ISNUMBER(SEARCH("；",SUBSTITUTE($E43,";","；"))),TRIM(MID(SUBSTITUTE(SUBSTITUTE($E43,";","；"),"；",REPT(" ",100)),401,100)),"") | K43: =IF(ISNUMBER(SEARCH("；",SUBSTITUTE($E43,";","；"))),TRIM(MID(SUBSTITUTE(SUBSTITUTE($E43,";","；"),"；",REPT(" ",100)),501,100)),"") | L43: =IF(ISNUMBER(SEARCH("；",SUBSTITUTE($E43,";","；"))),TRIM(MID(SUBSTITUTE(SUBSTITUTE($E43,";","；"),"；",REPT(" ",100)),601,100)),"") | M43: =IF(ISNUMBER(SEARCH("；",SUBSTITUTE($E43,";","；"))),TRIM(MID(SUBSTITUTE(SUBSTITUTE($E43,";","；"),"；",REPT(" ",100)),701,100)),"") | N43: =IF(ISNUMBER(SEARCH("；",SUBSTITUTE($E43,";","；"))),TRIM(MID(SUBSTITUTE(SUBSTITUTE($E43,";","；"),"；",REPT(" ",100)),801,100)),"") | O43: =IF(ISNUMBER(SEARCH("；",SUBSTITUTE($E43,";","；"))),TRIM(MID(SUBSTITUTE(SUBSTITUTE($E43,";","；"),"；",REPT(" ",100)),901,100)),"") | P43: =IF(AND(配置数据库!$C74="售前填写",INDEX(配置数据库!$G74:$AG74,1,MATCH($B$3,配置数据库!$G$8:$AG$8,0))<>""),SUMPRODUCT((配置数据库!$C$10:$C74="售前填写")*(INDEX(配置数据库!$G$10:$AG74,0,MATCH($B$3,配置数据库!$G$8:$AG$8,0))<>"")),"") | Q43: =IF(AND(配置数据库!$C74="默认配置",INDEX(配置数据库!$G74:$AG74,1,MATCH($B$3,配置数据库!$G$8:$AG$8,0))<>""),SUMPRODUCT((配置数据库!$C$10:$C74="默认配置")*(INDEX(配置数据库!$G$10:$AG74,0,MATCH($B$3,配置数据库!$G$8:$AG$8,0))<>"")),"") -> 9
A44: =IFERROR(INDEX(配置数据库!$A:$A,MATCH(2,$Q:$Q,0)),"") -> 电源插座接口图片 | B44: =IF($A44="","",IFERROR(LEFT(SUBSTITUTE(IFERROR(INDEX(配置数据库!$G:$AG,MATCH(2,$Q:$Q,0),MATCH($B$3,配置数据库!$G$8:$AG$8,0)),""),";","；"),FIND("；",SUBSTITUTE(IFERROR(INDEX(配置数据库!$G:$AG,MATCH(2,$Q:$Q,0),MATCH($B$3,配置数据库!$G$8:$AG$8,0)),""),";","；"))-1),IFERROR(INDEX(配置数据库!$G:$AG,MATCH(2,$Q:$Q,0),MATCH($B$3,配置数据库!$G$8:$AG$8,0)),""))) -> 请附图片 | C44: =IF($A44="","","自动带出") -> 自动带出 | D44: =IF($A44="","",IFERROR(INDEX(配置数据库!$B:$B,MATCH(2,$Q:$Q,0)),"")) | E44: =IF($A44="","",IFERROR(INDEX(配置数据库!$G:$AG,MATCH($A44,配置数据库!$A:$A,0),MATCH($B$3,配置数据库!$G$8:$AG$8,0)),"")) -> 请附图片 | F44: =IF(ISNUMBER(SEARCH("；",SUBSTITUTE($E44,";","；"))),TRIM(MID(SUBSTITUTE(SUBSTITUTE($E44,";","；"),"；",REPT(" ",100)),1,100)),"") | G44: =IF(ISNUMBER(SEARCH("；",SUBSTITUTE($E44,";","；"))),TRIM(MID(SUBSTITUTE(SUBSTITUTE($E44,";","；"),"；",REPT(" ",100)),101,100)),"") | H44: =IF(ISNUMBER(SEARCH("；",SUBSTITUTE($E44,";","；"))),TRIM(MID(SUBSTITUTE(SUBSTITUTE($E44,";","；"),"；",REPT(" ",100)),201,100)),"") | I44: =IF(ISNUMBER(SEARCH("；",SUBSTITUTE($E44,";","；"))),TRIM(MID(SUBSTITUTE(SUBSTITUTE($E44,";","；"),"；",REPT(" ",100)),301,100)),"") | J44: =IF(ISNUMBER(SEARCH("；",SUBSTITUTE($E44,";","；"))),TRIM(MID(SUBSTITUTE(SUBSTITUTE($E44,";","；"),"；",REPT(" ",100)),401,100)),"") | K44: =IF(ISNUMBER(SEARCH("；",SUBSTITUTE($E44,";","；"))),TRIM(MID(SUBSTITUTE(SUBSTITUTE($E44,";","；"),"；",REPT(" ",100)),501,100)),"") | L44: =IF(ISNUMBER(SEARCH("；",SUBSTITUTE($E44,";","；"))),TRIM(MID(SUBSTITUTE(SUBSTITUTE($E44,";","；"),"；",REPT(" ",100)),601,100)),"") | M44: =IF(ISNUMBER(SEARCH("；",SUBSTITUTE($E44,";","；"))),TRIM(MID(SUBSTITUTE(SUBSTITUTE($E44,";","；"),"；",REPT(" ",100)),701,100)),"") | N44: =IF(ISNUMBER(SEARCH("；",SUBSTITUTE($E44,";","；"))),TRIM(MID(SUBSTITUTE(SUBSTITUTE($E44,";","；"),"；",REPT(" ",100)),801,100)),"") | O44: =IF(ISNUMBER(SEARCH("；",SUBSTITUTE($E44,";","；"))),TRIM(MID(SUBSTITUTE(SUBSTITUTE($E44,";","；"),"；",REPT(" ",100)),901,100)),"") | P44: =IF(AND(配置数据库!$C75="售前填写",INDEX(配置数据库!$G75:$AG75,1,MATCH($B$3,配置数据库!$G$8:$AG$8,0))<>""),SUMPRODUCT((配置数据库!$C$10:$C75="售前填写")*(INDEX(配置数据库!$G$10:$AG75,0,MATCH($B$3,配置数据库!$G$8:$AG$8,0))<>"")),"") | Q44: =IF(AND(配置数据库!$C75="默认配置",INDEX(配置数据库!$G75:$AG75,1,MATCH($B$3,配置数据库!$G$8:$AG$8,0))<>""),SUMPRODUCT((配置数据库!$C$10:$C75="默认配置")*(INDEX(配置数据库!$G$10:$AG75,0,MATCH($B$3,配置数据库!$G$8:$AG$8,0))<>"")),"") -> 10
A45: =IFERROR(INDEX(配置数据库!$A:$A,MATCH(3,$Q:$Q,0)),"") -> 电源插头型号 | B45: =IF($A45="","",IFERROR(LEFT(SUBSTITUTE(IFERROR(INDEX(配置数据库!$G:$AG,MATCH(3,$Q:$Q,0),MATCH($B$3,配置数据库!$G$8:$AG$8,0)),""),";","；"),FIND("；",SUBSTITUTE(IFERROR(INDEX(配置数据库!$G:$AG,MATCH(3,$Q:$Q,0),MATCH($B$3,配置数据库!$G$8:$AG$8,0)),""),";","；"))-1),IFERROR(INDEX(配置数据库!$G:$AG,MATCH(3,$Q:$Q,0),MATCH($B$3,配置数据库!$G$8:$AG$8,0)),""))) -> 0 | C45: =IF($A45="","","自动带出") -> 自动带出 | D45: =IF($A45="","",IFERROR(INDEX(配置数据库!$B:$B,MATCH(3,$Q:$Q,0)),"")) -> 0 | E45: =IF($A45="","",IFERROR(INDEX(配置数据库!$G:$AG,MATCH($A45,配置数据库!$A:$A,0),MATCH($B$3,配置数据库!$G$8:$AG$8,0)),"")) -> 0 | F45: =IF(ISNUMBER(SEARCH("；",SUBSTITUTE($E45,";","；"))),TRIM(MID(SUBSTITUTE(SUBSTITUTE($E45,";","；"),"；",REPT(" ",100)),1,100)),"") | G45: =IF(ISNUMBER(SEARCH("；",SUBSTITUTE($E45,";","；"))),TRIM(MID(SUBSTITUTE(SUBSTITUTE($E45,";","；"),"；",REPT(" ",100)),101,100)),"") | H45: =IF(ISNUMBER(SEARCH("；",SUBSTITUTE($E45,";","；"))),TRIM(MID(SUBSTITUTE(SUBSTITUTE($E45,";","；"),"；",REPT(" ",100)),201,100)),"") | I45: =IF(ISNUMBER(SEARCH("；",SUBSTITUTE($E45,";","；"))),TRIM(MID(SUBSTITUTE(SUBSTITUTE($E45,";","；"),"；",REPT(" ",100)),301,100)),"") | J45: =IF(ISNUMBER(SEARCH("；",SUBSTITUTE($E45,";","；"))),TRIM(MID(SUBSTITUTE(SUBSTITUTE($E45,";","；"),"；",REPT(" ",100)),401,100)),"") | K45: =IF(ISNUMBER(SEARCH("；",SUBSTITUTE($E45,";","；"))),TRIM(MID(SUBSTITUTE(SUBSTITUTE($E45,";","；"),"；",REPT(" ",100)),501,100)),"") | L45: =IF(ISNUMBER(SEARCH("；",SUBSTITUTE($E45,";","；"))),TRIM(MID(SUBSTITUTE(SUBSTITUTE($E45,";","；"),"；",REPT(" ",100)),601,100)),"") | M45: =IF(ISNUMBER(SEARCH("；",SUBSTITUTE($E45,";","；"))),TRIM(MID(SUBSTITUTE(SUBSTITUTE($E45,";","；"),"；",REPT(" ",100)),701,100)),"") | N45: =IF(ISNUMBER(SEARCH("；",SUBSTITUTE($E45,";","；"))),TRIM(MID(SUBSTITUTE(SUBSTITUTE($E45,";","；"),"；",REPT(" ",100)),801,100)),"") | O45: =IF(ISNUMBER(SEARCH("；",SUBSTITUTE($E45,";","；"))),TRIM(MID(SUBSTITUTE(SUBSTITUTE($E45,";","；"),"；",REPT(" ",100)),901,100)),"") | P45: =IF(AND(配置数据库!$C76="售前填写",INDEX(配置数据库!$G76:$AG76,1,MATCH($B$3,配置数据库!$G$8:$AG$8,0))<>""),SUMPRODUCT((配置数据库!$C$10:$C76="售前填写")*(INDEX(配置数据库!$G$10:$AG76,0,MATCH($B$3,配置数据库!$G$8:$AG$8,0))<>"")),"") | Q45: =IF(AND(配置数据库!$C76="默认配置",INDEX(配置数据库!$G76:$AG76,1,MATCH($B$3,配置数据库!$G$8:$AG$8,0))<>""),SUMPRODUCT((配置数据库!$C$10:$C76="默认配置")*(INDEX(配置数据库!$G$10:$AG76,0,MATCH($B$3,配置数据库!$G$8:$AG$8,0))<>"")),"") -> 11
A46: =IFERROR(INDEX(配置数据库!$A:$A,MATCH(4,$Q:$Q,0)),"") -> 充电极板 | B46: =IF($A46="","",IFERROR(LEFT(SUBSTITUTE(IFERROR(INDEX(配置数据库!$G:$AG,MATCH(4,$Q:$Q,0),MATCH($B$3,配置数据库!$G$8:$AG$8,0)),""),";","；"),FIND("；",SUBSTITUTE(IFERROR(INDEX(配置数据库!$G:$AG,MATCH(4,$Q:$Q,0),MATCH($B$3,配置数据库!$G$8:$AG$8,0)),""),";","；"))-1),IFERROR(INDEX(配置数据库!$G:$AG,MATCH(4,$Q:$Q,0),MATCH($B$3,配置数据库!$G$8:$AG$8,0)),""))) -> 侧充 | C46: =IF($A46="","","自动带出") -> 自动带出 | D46: =IF($A46="","",IFERROR(INDEX(配置数据库!$B:$B,MATCH(4,$Q:$Q,0)),"")) -> 0 | E46: =IF($A46="","",IFERROR(INDEX(配置数据库!$G:$AG,MATCH($A46,配置数据库!$A:$A,0),MATCH($B$3,配置数据库!$G$8:$AG$8,0)),"")) -> 侧充 | F46: =IF(ISNUMBER(SEARCH("；",SUBSTITUTE($E46,";","；"))),TRIM(MID(SUBSTITUTE(SUBSTITUTE($E46,";","；"),"；",REPT(" ",100)),1,100)),"") | G46: =IF(ISNUMBER(SEARCH("；",SUBSTITUTE($E46,";","；"))),TRIM(MID(SUBSTITUTE(SUBSTITUTE($E46,";","；"),"；",REPT(" ",100)),101,100)),"") | H46: =IF(ISNUMBER(SEARCH("；",SUBSTITUTE($E46,";","；"))),TRIM(MID(SUBSTITUTE(SUBSTITUTE($E46,";","；"),"；",REPT(" ",100)),201,100)),"") | I46: =IF(ISNUMBER(SEARCH("；",SUBSTITUTE($E46,";","；"))),TRIM(MID(SUBSTITUTE(SUBSTITUTE($E46,";","；"),"；",REPT(" ",100)),301,100)),"") | J46: =IF(ISNUMBER(SEARCH("；",SUBSTITUTE($E46,";","；"))),TRIM(MID(SUBSTITUTE(SUBSTITUTE($E46,";","；"),"；",REPT(" ",100)),401,100)),"") | K46: =IF(ISNUMBER(SEARCH("；",SUBSTITUTE($E46,";","；"))),TRIM(MID(SUBSTITUTE(SUBSTITUTE($E46,";","；"),"；",REPT(" ",100)),501,100)),"") | L46: =IF(ISNUMBER(SEARCH("；",SUBSTITUTE($E46,";","；"))),TRIM(MID(SUBSTITUTE(SUBSTITUTE($E46,";","；"),"；",REPT(" ",100)),601,100)),"") | M46: =IF(ISNUMBER(SEARCH("；",SUBSTITUTE($E46,";","；"))),TRIM(MID(SUBSTITUTE(SUBSTITUTE($E46,";","；"),"；",REPT(" ",100)),701,100)),"") | N46: =IF(ISNUMBER(SEARCH("；",SUBSTITUTE($E46,";","；"))),TRIM(MID(SUBSTITUTE(SUBSTITUTE($E46,";","；"),"；",REPT(" ",100)),801,100)),"") | O46: =IF(ISNUMBER(SEARCH("；",SUBSTITUTE($E46,";","；"))),TRIM(MID(SUBSTITUTE(SUBSTITUTE($E46,";","；"),"；",REPT(" ",100)),901,100)),"") | P46: =IF(AND(配置数据库!$C77="售前填写",INDEX(配置数据库!$G77:$AG77,1,MATCH($B$3,配置数据库!$G$8:$AG$8,0))<>""),SUMPRODUCT((配置数据库!$C$10:$C77="售前填写")*(INDEX(配置数据库!$G$10:$AG77,0,MATCH($B$3,配置数据库!$G$8:$AG$8,0))<>"")),"") | Q46: =IF(AND(配置数据库!$C77="默认配置",INDEX(配置数据库!$G77:$AG77,1,MATCH($B$3,配置数据库!$G$8:$AG$8,0))<>""),SUMPRODUCT((配置数据库!$C$10:$C77="默认配置")*(INDEX(配置数据库!$G$10:$AG77,0,MATCH($B$3,配置数据库!$G$8:$AG$8,0))<>"")),"") -> 12
A47: =IFERROR(INDEX(配置数据库!$A:$A,MATCH(5,$Q:$Q,0)),"") -> 托盘 | B47: =IF($A47="","",IFERROR(LEFT(SUBSTITUTE(IFERROR(INDEX(配置数据库!$G:$AG,MATCH(5,$Q:$Q,0),MATCH($B$3,配置数据库!$G$8:$AG$8,0)),""),";","；"),FIND("；",SUBSTITUTE(IFERROR(INDEX(配置数据库!$G:$AG,MATCH(5,$Q:$Q,0),MATCH($B$3,配置数据库!$G$8:$AG$8,0)),""),";","；"))-1),IFERROR(INDEX(配置数据库!$G:$AG,MATCH(5,$Q:$Q,0),MATCH($B$3,配置数据库!$G$8:$AG$8,0)),""))) -> 0 | C47: =IF($A47="","","自动带出") -> 自动带出 | D47: =IF($A47="","",IFERROR(INDEX(配置数据库!$B:$B,MATCH(5,$Q:$Q,0)),"")) -> 配图 | E47: =IF($A47="","",IFERROR(INDEX(配置数据库!$G:$AG,MATCH($A47,配置数据库!$A:$A,0),MATCH($B$3,配置数据库!$G$8:$AG$8,0)),"")) -> 0 | F47: =IF(ISNUMBER(SEARCH("；",SUBSTITUTE($E47,";","；"))),TRIM(MID(SUBSTITUTE(SUBSTITUTE($E47,";","；"),"；",REPT(" ",100)),1,100)),"") | G47: =IF(ISNUMBER(SEARCH("；",SUBSTITUTE($E47,";","；"))),TRIM(MID(SUBSTITUTE(SUBSTITUTE($E47,";","；"),"；",REPT(" ",100)),101,100)),"") | H47: =IF(ISNUMBER(SEARCH("；",SUBSTITUTE($E47,";","；"))),TRIM(MID(SUBSTITUTE(SUBSTITUTE($E47,";","；"),"；",REPT(" ",100)),201,100)),"") | I47: =IF(ISNUMBER(SEARCH("；",SUBSTITUTE($E47,";","；"))),TRIM(MID(SUBSTITUTE(SUBSTITUTE($E47,";","；"),"；",REPT(" ",100)),301,100)),"") | J47: =IF(ISNUMBER(SEARCH("；",SUBSTITUTE($E47,";","；"))),TRIM(MID(SUBSTITUTE(SUBSTITUTE($E47,";","；"),"；",REPT(" ",100)),401,100)),"") | K47: =IF(ISNUMBER(SEARCH("；",SUBSTITUTE($E47,";","；"))),TRIM(MID(SUBSTITUTE(SUBSTITUTE($E47,";","；"),"；",REPT(" ",100)),501,100)),"") | L47: =IF(ISNUMBER(SEARCH("；",SUBSTITUTE($E47,";","；"))),TRIM(MID(SUBSTITUTE(SUBSTITUTE($E47,";","；"),"；",REPT(" ",100)),601,100)),"") | M47: =IF(ISNUMBER(SEARCH("；",SUBSTITUTE($E47,";","；"))),TRIM(MID(SUBSTITUTE(SUBSTITUTE($E47,";","；"),"；",REPT(" ",100)),701,100)),"") | N47: =IF(ISNUMBER(SEARCH("；",SUBSTITUTE($E47,";","；"))),TRIM(MID(SUBSTITUTE(SUBSTITUTE($E47,";","；"),"；",REPT(" ",100)),801,100)),"") | O47: =IF(ISNUMBER(SEARCH("；",SUBSTITUTE($E47,";","；"))),TRIM(MID(SUBSTITUTE(SUBSTITUTE($E47,";","；"),"；",REPT(" ",100)),901,100)),"") | P47: =IF(AND(配置数据库!#REF!="售前填写",INDEX(配置数据库!#REF!,1,MATCH($B$3,配置数据库!$G$8:$AG$8,0))<>""),SUMPRODUCT((配置数据库!$C$10:$C79="售前填写")*(INDEX(配置数据库!$G$10:$AG79,0,MATCH($B$3,配置数据库!$G$8:$AG$8,0))<>"")),"") -> #REF! | Q47: =IF(AND(配置数据库!#REF!="默认配置",INDEX(配置数据库!#REF!,1,MATCH($B$3,配置数据库!$G$8:$AG$8,0))<>""),SUMPRODUCT((配置数据库!$C$10:$C79="默认配置")*(INDEX(配置数据库!$G$10:$AG79,0,MATCH($B$3,配置数据库!$G$8:$AG$8,0))<>"")),"") -> #REF!
A48: =IFERROR(INDEX(配置数据库!$A:$A,MATCH(6,$Q:$Q,0)),"") -> 设备图片 | B48: =IF($A48="","",IFERROR(LEFT(SUBSTITUTE(IFERROR(INDEX(配置数据库!$G:$AG,MATCH(6,$Q:$Q,0),MATCH($B$3,配置数据库!$G$8:$AG$8,0)),""),";","；"),FIND("；",SUBSTITUTE(IFERROR(INDEX(配置数据库!$G:$AG,MATCH(6,$Q:$Q,0),MATCH($B$3,配置数据库!$G$8:$AG$8,0)),""),";","；"))-1),IFERROR(INDEX(配置数据库!$G:$AG,MATCH(6,$Q:$Q,0),MATCH($B$3,配置数据库!$G$8:$AG$8,0)),""))) -> 请附图片 | C48: =IF($A48="","","自动带出") -> 自动带出 | D48: =IF($A48="","",IFERROR(INDEX(配置数据库!$B:$B,MATCH(6,$Q:$Q,0)),"")) -> 0 | E48: =IF($A48="","",IFERROR(INDEX(配置数据库!$G:$AG,MATCH($A48,配置数据库!$A:$A,0),MATCH($B$3,配置数据库!$G$8:$AG$8,0)),"")) -> 请附图片 | F48: =IF(ISNUMBER(SEARCH("；",SUBSTITUTE($E48,";","；"))),TRIM(MID(SUBSTITUTE(SUBSTITUTE($E48,";","；"),"；",REPT(" ",100)),1,100)),"") | G48: =IF(ISNUMBER(SEARCH("；",SUBSTITUTE($E48,";","；"))),TRIM(MID(SUBSTITUTE(SUBSTITUTE($E48,";","；"),"；",REPT(" ",100)),101,100)),"") | H48: =IF(ISNUMBER(SEARCH("；",SUBSTITUTE($E48,";","；"))),TRIM(MID(SUBSTITUTE(SUBSTITUTE($E48,";","；"),"；",REPT(" ",100)),201,100)),"") | I48: =IF(ISNUMBER(SEARCH("；",SUBSTITUTE($E48,";","；"))),TRIM(MID(SUBSTITUTE(SUBSTITUTE($E48,";","；"),"；",REPT(" ",100)),301,100)),"") | J48: =IF(ISNUMBER(SEARCH("；",SUBSTITUTE($E48,";","；"))),TRIM(MID(SUBSTITUTE(SUBSTITUTE($E48,";","；"),"；",REPT(" ",100)),401,100)),"") | K48: =IF(ISNUMBER(SEARCH("；",SUBSTITUTE($E48,";","；"))),TRIM(MID(SUBSTITUTE(SUBSTITUTE($E48,";","；"),"；",REPT(" ",100)),501,100)),"") | L48: =IF(ISNUMBER(SEARCH("；",SUBSTITUTE($E48,";","；"))),TRIM(MID(SUBSTITUTE(SUBSTITUTE($E48,";","；"),"；",REPT(" ",100)),601,100)),"") | M48: =IF(ISNUMBER(SEARCH("；",SUBSTITUTE($E48,";","；"))),TRIM(MID(SUBSTITUTE(SUBSTITUTE($E48,";","；"),"；",REPT(" ",100)),701,100)),"") | N48: =IF(ISNUMBER(SEARCH("；",SUBSTITUTE($E48,";","；"))),TRIM(MID(SUBSTITUTE(SUBSTITUTE($E48,";","；"),"；",REPT(" ",100)),801,100)),"") | O48: =IF(ISNUMBER(SEARCH("；",SUBSTITUTE($E48,";","；"))),TRIM(MID(SUBSTITUTE(SUBSTITUTE($E48,";","；"),"；",REPT(" ",100)),901,100)),"") | P48: =IF(AND(配置数据库!$C80="售前填写",INDEX(配置数据库!$G80:$AG80,1,MATCH($B$3,配置数据库!$G$8:$AG$8,0))<>""),SUMPRODUCT((配置数据库!$C$10:$C80="售前填写")*(INDEX(配置数据库!$G$10:$AG80,0,MATCH($B$3,配置数据库!$G$8:$AG$8,0))<>"")),"") | Q48: =IF(AND(配置数据库!$C80="默认配置",INDEX(配置数据库!$G80:$AG80,1,MATCH($B$3,配置数据库!$G$8:$AG$8,0))<>""),SUMPRODUCT((配置数据库!$C$10:$C80="默认配置")*(INDEX(配置数据库!$G$10:$AG80,0,MATCH($B$3,配置数据库!$G$8:$AG$8,0))<>"")),"") -> 14
A49: =IFERROR(INDEX(配置数据库!$A:$A,MATCH(7,$Q:$Q,0)),"") -> L 托盘长度(mm) | B49: =IF($A49="","",IFERROR(LEFT(SUBSTITUTE(IFERROR(INDEX(配置数据库!$G:$AG,MATCH(7,$Q:$Q,0),MATCH($B$3,配置数据库!$G$8:$AG$8,0)),""),";","；"),FIND("；",SUBSTITUTE(IFERROR(INDEX(配置数据库!$G:$AG,MATCH(7,$Q:$Q,0),MATCH($B$3,配置数据库!$G$8:$AG$8,0)),""),";","；"))-1),IFERROR(INDEX(配置数据库!$G:$AG,MATCH(7,$Q:$Q,0),MATCH($B$3,配置数据库!$G$8:$AG$8,0)),""))) | C49: =IF($A49="","","自动带出") -> 自动带出 | D49: =IF($A49="","",IFERROR(INDEX(配置数据库!$B:$B,MATCH(7,$Q:$Q,0)),"")) -> =DISPIMG("ID_C2F230443A18475AB3F0BC6E14580AE9",1) | E49: =IF($A49="","",IFERROR(INDEX(配置数据库!$G:$AG,MATCH($A49,配置数据库!$A:$A,0),MATCH($B$3,配置数据库!$G$8:$AG$8,0)),"")) | F49: =IF(ISNUMBER(SEARCH("；",SUBSTITUTE($E49,";","；"))),TRIM(MID(SUBSTITUTE(SUBSTITUTE($E49,";","；"),"；",REPT(" ",100)),1,100)),"") | G49: =IF(ISNUMBER(SEARCH("；",SUBSTITUTE($E49,";","；"))),TRIM(MID(SUBSTITUTE(SUBSTITUTE($E49,";","；"),"；",REPT(" ",100)),101,100)),"") | H49: =IF(ISNUMBER(SEARCH("；",SUBSTITUTE($E49,";","；"))),TRIM(MID(SUBSTITUTE(SUBSTITUTE($E49,";","；"),"；",REPT(" ",100)),201,100)),"") | I49: =IF(ISNUMBER(SEARCH("；",SUBSTITUTE($E49,";","；"))),TRIM(MID(SUBSTITUTE(SUBSTITUTE($E49,";","；"),"；",REPT(" ",100)),301,100)),"") | J49: =IF(ISNUMBER(SEARCH("；",SUBSTITUTE($E49,";","；"))),TRIM(MID(SUBSTITUTE(SUBSTITUTE($E49,";","；"),"；",REPT(" ",100)),401,100)),"") | K49: =IF(ISNUMBER(SEARCH("；",SUBSTITUTE($E49,";","；"))),TRIM(MID(SUBSTITUTE(SUBSTITUTE($E49,";","；"),"；",REPT(" ",100)),501,100)),"") | L49: =IF(ISNUMBER(SEARCH("；",SUBSTITUTE($E49,";","；"))),TRIM(MID(SUBSTITUTE(SUBSTITUTE($E49,";","；"),"；",REPT(" ",100)),601,100)),"") | M49: =IF(ISNUMBER(SEARCH("；",SUBSTITUTE($E49,";","；"))),TRIM(MID(SUBSTITUTE(SUBSTITUTE($E49,";","；"),"；",REPT(" ",100)),701,100)),"") | N49: =IF(ISNUMBER(SEARCH("；",SUBSTITUTE($E49,";","；"))),TRIM(MID(SUBSTITUTE(SUBSTITUTE($E49,";","；"),"；",REPT(" ",100)),801,100)),"") | O49: =IF(ISNUMBER(SEARCH("；",SUBSTITUTE($E49,";","；"))),TRIM(MID(SUBSTITUTE(SUBSTITUTE($E49,";","；"),"；",REPT(" ",100)),901,100)),"") | P49: =IF(AND(配置数据库!$C81="售前填写",INDEX(配置数据库!$G81:$AG81,1,MATCH($B$3,配置数据库!$G$8:$AG$8,0))<>""),SUMPRODUCT((配置数据库!$C$10:$C81="售前填写")*(INDEX(配置数据库!$G$10:$AG81,0,MATCH($B$3,配置数据库!$G$8:$AG$8,0))<>"")),"") | Q49: =IF(AND(配置数据库!$C81="默认配置",INDEX(配置数据库!$G81:$AG81,1,MATCH($B$3,配置数据库!$G$8:$AG$8,0))<>""),SUMPRODUCT((配置数据库!$C$10:$C81="默认配置")*(INDEX(配置数据库!$G$10:$AG81,0,MATCH($B$3,配置数据库!$G$8:$AG$8,0))<>"")),"") -> 15
A50: =IFERROR(INDEX(配置数据库!$A:$A,MATCH(8,$Q:$Q,0)),"") -> W 托盘宽度（对接侧）(mm) | B50: =IF($A50="","",IFERROR(LEFT(SUBSTITUTE(IFERROR(INDEX(配置数据库!$G:$AG,MATCH(8,$Q:$Q,0),MATCH($B$3,配置数据库!$G$8:$AG$8,0)),""),";","；"),FIND("；",SUBSTITUTE(IFERROR(INDEX(配置数据库!$G:$AG,MATCH(8,$Q:$Q,0),MATCH($B$3,配置数据库!$G$8:$AG$8,0)),""),";","；"))-1),IFERROR(INDEX(配置数据库!$G:$AG,MATCH(8,$Q:$Q,0),MATCH($B$3,配置数据库!$G$8:$AG$8,0)),""))) | C50: =IF($A50="","","自动带出") -> 自动带出 | D50: =IF($A50="","",IFERROR(INDEX(配置数据库!$B:$B,MATCH(8,$Q:$Q,0)),"")) -> 0 | E50: =IF($A50="","",IFERROR(INDEX(配置数据库!$G:$AG,MATCH($A50,配置数据库!$A:$A,0),MATCH($B$3,配置数据库!$G$8:$AG$8,0)),"")) | F50: =IF(ISNUMBER(SEARCH("；",SUBSTITUTE($E50,";","；"))),TRIM(MID(SUBSTITUTE(SUBSTITUTE($E50,";","；"),"；",REPT(" ",100)),1,100)),"") | G50: =IF(ISNUMBER(SEARCH("；",SUBSTITUTE($E50,";","；"))),TRIM(MID(SUBSTITUTE(SUBSTITUTE($E50,";","；"),"；",REPT(" ",100)),101,100)),"") | H50: =IF(ISNUMBER(SEARCH("；",SUBSTITUTE($E50,";","；"))),TRIM(MID(SUBSTITUTE(SUBSTITUTE($E50,";","；"),"；",REPT(" ",100)),201,100)),"") | I50: =IF(ISNUMBER(SEARCH("；",SUBSTITUTE($E50,";","；"))),TRIM(MID(SUBSTITUTE(SUBSTITUTE($E50,";","；"),"；",REPT(" ",100)),301,100)),"") | J50: =IF(ISNUMBER(SEARCH("；",SUBSTITUTE($E50,";","；"))),TRIM(MID(SUBSTITUTE(SUBSTITUTE($E50,";","；"),"；",REPT(" ",100)),401,100)),"") | K50: =IF(ISNUMBER(SEARCH("；",SUBSTITUTE($E50,";","；"))),TRIM(MID(SUBSTITUTE(SUBSTITUTE($E50,";","；"),"；",REPT(" ",100)),501,100)),"") | L50: =IF(ISNUMBER(SEARCH("；",SUBSTITUTE($E50,";","；"))),TRIM(MID(SUBSTITUTE(SUBSTITUTE($E50,";","；"),"；",REPT(" ",100)),601,100)),"") | M50: =IF(ISNUMBER(SEARCH("；",SUBSTITUTE($E50,";","；"))),TRIM(MID(SUBSTITUTE(SUBSTITUTE($E50,";","；"),"；",REPT(" ",100)),701,100)),"") | N50: =IF(ISNUMBER(SEARCH("；",SUBSTITUTE($E50,";","；"))),TRIM(MID(SUBSTITUTE(SUBSTITUTE($E50,";","；"),"；",REPT(" ",100)),801,100)),"") | O50: =IF(ISNUMBER(SEARCH("；",SUBSTITUTE($E50,";","；"))),TRIM(MID(SUBSTITUTE(SUBSTITUTE($E50,";","；"),"；",REPT(" ",100)),901,100)),"") | P50: =IF(AND(配置数据库!$C82="售前填写",INDEX(配置数据库!$G82:$AG82,1,MATCH($B$3,配置数据库!$G$8:$AG$8,0))<>""),SUMPRODUCT((配置数据库!$C$10:$C82="售前填写")*(INDEX(配置数据库!$G$10:$AG82,0,MATCH($B$3,配置数据库!$G$8:$AG$8,0))<>"")),"") | Q50: =IF(AND(配置数据库!$C82="默认配置",INDEX(配置数据库!$G82:$AG82,1,MATCH($B$3,配置数据库!$G$8:$AG$8,0))<>""),SUMPRODUCT((配置数据库!$C$10:$C82="默认配置")*(INDEX(配置数据库!$G$10:$AG82,0,MATCH($B$3,配置数据库!$G$8:$AG$8,0))<>"")),"") -> 16
A51: =IFERROR(INDEX(配置数据库!$A:$A,MATCH(9,$Q:$Q,0)),"") -> H 托盘高度(mm) | B51: =IF($A51="","",IFERROR(LEFT(SUBSTITUTE(IFERROR(INDEX(配置数据库!$G:$AG,MATCH(9,$Q:$Q,0),MATCH($B$3,配置数据库!$G$8:$AG$8,0)),""),";","；"),FIND("；",SUBSTITUTE(IFERROR(INDEX(配置数据库!$G:$AG,MATCH(9,$Q:$Q,0),MATCH($B$3,配置数据库!$G$8:$AG$8,0)),""),";","；"))-1),IFERROR(INDEX(配置数据库!$G:$AG,MATCH(9,$Q:$Q,0),MATCH($B$3,配置数据库!$G$8:$AG$8,0)),""))) -> 0 | C51: =IF($A51="","","自动带出") -> 自动带出 | D51: =IF($A51="","",IFERROR(INDEX(配置数据库!$B:$B,MATCH(9,$Q:$Q,0)),"")) -> 0 | E51: =IF($A51="","",IFERROR(INDEX(配置数据库!$G:$AG,MATCH($A51,配置数据库!$A:$A,0),MATCH($B$3,配置数据库!$G$8:$AG$8,0)),"")) -> 0 | F51: =IF(ISNUMBER(SEARCH("；",SUBSTITUTE($E51,";","；"))),TRIM(MID(SUBSTITUTE(SUBSTITUTE($E51,";","；"),"；",REPT(" ",100)),1,100)),"") | G51: =IF(ISNUMBER(SEARCH("；",SUBSTITUTE($E51,";","；"))),TRIM(MID(SUBSTITUTE(SUBSTITUTE($E51,";","；"),"；",REPT(" ",100)),101,100)),"") | H51: =IF(ISNUMBER(SEARCH("；",SUBSTITUTE($E51,";","；"))),TRIM(MID(SUBSTITUTE(SUBSTITUTE($E51,";","；"),"；",REPT(" ",100)),201,100)),"") | I51: =IF(ISNUMBER(SEARCH("；",SUBSTITUTE($E51,";","；"))),TRIM(MID(SUBSTITUTE(SUBSTITUTE($E51,";","；"),"；",REPT(" ",100)),301,100)),"") | J51: =IF(ISNUMBER(SEARCH("；",SUBSTITUTE($E51,";","；"))),TRIM(MID(SUBSTITUTE(SUBSTITUTE($E51,";","；"),"；",REPT(" ",100)),401,100)),"") | K51: =IF(ISNUMBER(SEARCH("；",SUBSTITUTE($E51,";","；"))),TRIM(MID(SUBSTITUTE(SUBSTITUTE($E51,";","；"),"；",REPT(" ",100)),501,100)),"") | L51: =IF(ISNUMBER(SEARCH("；",SUBSTITUTE($E51,";","；"))),TRIM(MID(SUBSTITUTE(SUBSTITUTE($E51,";","；"),"；",REPT(" ",100)),601,100)),"") | M51: =IF(ISNUMBER(SEARCH("；",SUBSTITUTE($E51,";","；"))),TRIM(MID(SUBSTITUTE(SUBSTITUTE($E51,";","；"),"；",REPT(" ",100)),701,100)),"") | N51: =IF(ISNUMBER(SEARCH("；",SUBSTITUTE($E51,";","；"))),TRIM(MID(SUBSTITUTE(SUBSTITUTE($E51,";","；"),"；",REPT(" ",100)),801,100)),"") | O51: =IF(ISNUMBER(SEARCH("；",SUBSTITUTE($E51,";","；"))),TRIM(MID(SUBSTITUTE(SUBSTITUTE($E51,";","；"),"；",REPT(" ",100)),901,100)),"") | P51: =IF(AND(配置数据库!$C83="售前填写",INDEX(配置数据库!$G83:$AG83,1,MATCH($B$3,配置数据库!$G$8:$AG$8,0))<>""),SUMPRODUCT((配置数据库!$C$10:$C83="售前填写")*(INDEX(配置数据库!$G$10:$AG83,0,MATCH($B$3,配置数据库!$G$8:$AG$8,0))<>"")),"") | Q51: =IF(AND(配置数据库!$C83="默认配置",INDEX(配置数据库!$G83:$AG83,1,MATCH($B$3,配置数据库!$G$8:$AG$8,0))<>""),SUMPRODUCT((配置数据库!$C$10:$C83="默认配置")*(INDEX(配置数据库!$G$10:$AG83,0,MATCH($B$3,配置数据库!$G$8:$AG$8,0))<>"")),"") -> 17
A52: =IFERROR(INDEX(配置数据库!$A:$A,MATCH(10,$Q:$Q,0)),"") -> 叉取方向两侧立柱宽-W1(mm) | B52: =IF($A52="","",IFERROR(LEFT(SUBSTITUTE(IFERROR(INDEX(配置数据库!$G:$AG,MATCH(10,$Q:$Q,0),MATCH($B$3,配置数据库!$G$8:$AG$8,0)),""),";","；"),FIND("；",SUBSTITUTE(IFERROR(INDEX(配置数据库!$G:$AG,MATCH(10,$Q:$Q,0),MATCH($B$3,配置数据库!$G$8:$AG$8,0)),""),";","；"))-1),IFERROR(INDEX(配置数据库!$G:$AG,MATCH(10,$Q:$Q,0),MATCH($B$3,配置数据库!$G$8:$AG$8,0)),""))) -> 0 | C52: =IF($A52="","","自动带出") -> 自动带出 | D52: =IF($A52="","",IFERROR(INDEX(配置数据库!$B:$B,MATCH(10,$Q:$Q,0)),"")) -> 0 | E52: =IF($A52="","",IFERROR(INDEX(配置数据库!$G:$AG,MATCH($A52,配置数据库!$A:$A,0),MATCH($B$3,配置数据库!$G$8:$AG$8,0)),"")) -> 0 | F52: =IF(ISNUMBER(SEARCH("；",SUBSTITUTE($E52,";","；"))),TRIM(MID(SUBSTITUTE(SUBSTITUTE($E52,";","；"),"；",REPT(" ",100)),1,100)),"") | G52: =IF(ISNUMBER(SEARCH("；",SUBSTITUTE($E52,";","；"))),TRIM(MID(SUBSTITUTE(SUBSTITUTE($E52,";","；"),"；",REPT(" ",100)),101,100)),"") | H52: =IF(ISNUMBER(SEARCH("；",SUBSTITUTE($E52,";","；"))),TRIM(MID(SUBSTITUTE(SUBSTITUTE($E52,";","；"),"；",REPT(" ",100)),201,100)),"") | I52: =IF(ISNUMBER(SEARCH("；",SUBSTITUTE($E52,";","；"))),TRIM(MID(SUBSTITUTE(SUBSTITUTE($E52,";","；"),"；",REPT(" ",100)),301,100)),"") | J52: =IF(ISNUMBER(SEARCH("；",SUBSTITUTE($E52,";","；"))),TRIM(MID(SUBSTITUTE(SUBSTITUTE($E52,";","；"),"；",REPT(" ",100)),401,100)),"") | K52: =IF(ISNUMBER(SEARCH("；",SUBSTITUTE($E52,";","；"))),TRIM(MID(SUBSTITUTE(SUBSTITUTE($E52,";","；"),"；",REPT(" ",100)),501,100)),"") | L52: =IF(ISNUMBER(SEARCH("；",SUBSTITUTE($E52,";","；"))),TRIM(MID(SUBSTITUTE(SUBSTITUTE($E52,";","；"),"；",REPT(" ",100)),601,100)),"") | M52: =IF(ISNUMBER(SEARCH("；",SUBSTITUTE($E52,";","；"))),TRIM(MID(SUBSTITUTE(SUBSTITUTE($E52,";","；"),"；",REPT(" ",100)),701,100)),"") | N52: =IF(ISNUMBER(SEARCH("；",SUBSTITUTE($E52,";","；"))),TRIM(MID(SUBSTITUTE(SUBSTITUTE($E52,";","；"),"；",REPT(" ",100)),801,100)),"") | O52: =IF(ISNUMBER(SEARCH("；",SUBSTITUTE($E52,";","；"))),TRIM(MID(SUBSTITUTE(SUBSTITUTE($E52,";","；"),"；",REPT(" ",100)),901,100)),"") | P52: =IF(AND(配置数据库!$C84="售前填写",INDEX(配置数据库!$G84:$AG84,1,MATCH($B$3,配置数据库!$G$8:$AG$8,0))<>""),SUMPRODUCT((配置数据库!$C$10:$C84="售前填写")*(INDEX(配置数据库!$G$10:$AG84,0,MATCH($B$3,配置数据库!$G$8:$AG$8,0))<>"")),"") | Q52: =IF(AND(配置数据库!$C84="默认配置",INDEX(配置数据库!$G84:$AG84,1,MATCH($B$3,配置数据库!$G$8:$AG$8,0))<>""),SUMPRODUCT((配置数据库!$C$10:$C84="默认配置")*(INDEX(配置数据库!$G$10:$AG84,0,MATCH($B$3,配置数据库!$G$8:$AG$8,0))<>"")),"") -> 18
A53: =IFERROR(INDEX(配置数据库!$A:$A,MATCH(11,$Q:$Q,0)),"") -> 叉取方向中间立柱宽-W2(mm) | B53: =IF($A53="","",IFERROR(LEFT(SUBSTITUTE(IFERROR(INDEX(配置数据库!$G:$AG,MATCH(11,$Q:$Q,0),MATCH($B$3,配置数据库!$G$8:$AG$8,0)),""),";","；"),FIND("；",SUBSTITUTE(IFERROR(INDEX(配置数据库!$G:$AG,MATCH(11,$Q:$Q,0),MATCH($B$3,配置数据库!$G$8:$AG$8,0)),""),";","；"))-1),IFERROR(INDEX(配置数据库!$G:$AG,MATCH(11,$Q:$Q,0),MATCH($B$3,配置数据库!$G$8:$AG$8,0)),""))) -> 0 | C53: =IF($A53="","","自动带出") -> 自动带出 | D53: =IF($A53="","",IFERROR(INDEX(配置数据库!$B:$B,MATCH(11,$Q:$Q,0)),"")) -> 0 | E53: =IF($A53="","",IFERROR(INDEX(配置数据库!$G:$AG,MATCH($A53,配置数据库!$A:$A,0),MATCH($B$3,配置数据库!$G$8:$AG$8,0)),"")) -> 0 | F53: =IF(ISNUMBER(SEARCH("；",SUBSTITUTE($E53,";","；"))),TRIM(MID(SUBSTITUTE(SUBSTITUTE($E53,";","；"),"；",REPT(" ",100)),1,100)),"") | G53: =IF(ISNUMBER(SEARCH("；",SUBSTITUTE($E53,";","；"))),TRIM(MID(SUBSTITUTE(SUBSTITUTE($E53,";","；"),"；",REPT(" ",100)),101,100)),"") | H53: =IF(ISNUMBER(SEARCH("；",SUBSTITUTE($E53,";","；"))),TRIM(MID(SUBSTITUTE(SUBSTITUTE($E53,";","；"),"；",REPT(" ",100)),201,100)),"") | I53: =IF(ISNUMBER(SEARCH("；",SUBSTITUTE($E53,";","；"))),TRIM(MID(SUBSTITUTE(SUBSTITUTE($E53,";","；"),"；",REPT(" ",100)),301,100)),"") | J53: =IF(ISNUMBER(SEARCH("；",SUBSTITUTE($E53,";","；"))),TRIM(MID(SUBSTITUTE(SUBSTITUTE($E53,";","；"),"；",REPT(" ",100)),401,100)),"") | K53: =IF(ISNUMBER(SEARCH("；",SUBSTITUTE($E53,";","；"))),TRIM(MID(SUBSTITUTE(SUBSTITUTE($E53,";","；"),"；",REPT(" ",100)),501,100)),"") | L53: =IF(ISNUMBER(SEARCH("；",SUBSTITUTE($E53,";","；"))),TRIM(MID(SUBSTITUTE(SUBSTITUTE($E53,";","；"),"；",REPT(" ",100)),601,100)),"") | M53: =IF(ISNUMBER(SEARCH("；",SUBSTITUTE($E53,";","；"))),TRIM(MID(SUBSTITUTE(SUBSTITUTE($E53,";","；"),"；",REPT(" ",100)),701,100)),"") | N53: =IF(ISNUMBER(SEARCH("；",SUBSTITUTE($E53,";","；"))),TRIM(MID(SUBSTITUTE(SUBSTITUTE($E53,";","；"),"；",REPT(" ",100)),801,100)),"") | O53: =IF(ISNUMBER(SEARCH("；",SUBSTITUTE($E53,";","；"))),TRIM(MID(SUBSTITUTE(SUBSTITUTE($E53,";","；"),"；",REPT(" ",100)),901,100)),"") | P53: =IF(AND(配置数据库!$C85="售前填写",INDEX(配置数据库!$G85:$AG85,1,MATCH($B$3,配置数据库!$G$8:$AG$8,0))<>""),SUMPRODUCT((配置数据库!$C$10:$C85="售前填写")*(INDEX(配置数据库!$G$10:$AG85,0,MATCH($B$3,配置数据库!$G$8:$AG$8,0))<>"")),"") | Q53: =IF(AND(配置数据库!$C85="默认配置",INDEX(配置数据库!$G85:$AG85,1,MATCH($B$3,配置数据库!$G$8:$AG$8,0))<>""),SUMPRODUCT((配置数据库!$C$10:$C85="默认配置")*(INDEX(配置数据库!$G$10:$AG85,0,MATCH($B$3,配置数据库!$G$8:$AG$8,0))<>"")),"") -> 19
A54: =IFERROR(INDEX(配置数据库!$A:$A,MATCH(12,$Q:$Q,0)),"") -> F 托盘下横梁高度 | B54: =IF($A54="","",IFERROR(LEFT(SUBSTITUTE(IFERROR(INDEX(配置数据库!$G:$AG,MATCH(12,$Q:$Q,0),MATCH($B$3,配置数据库!$G$8:$AG$8,0)),""),";","；"),FIND("；",SUBSTITUTE(IFERROR(INDEX(配置数据库!$G:$AG,MATCH(12,$Q:$Q,0),MATCH($B$3,配置数据库!$G$8:$AG$8,0)),""),";","；"))-1),IFERROR(INDEX(配置数据库!$G:$AG,MATCH(12,$Q:$Q,0),MATCH($B$3,配置数据库!$G$8:$AG$8,0)),""))) | C54: =IF($A54="","","自动带出") -> 自动带出 | D54: =IF($A54="","",IFERROR(INDEX(配置数据库!$B:$B,MATCH(12,$Q:$Q,0)),"")) -> =DISPIMG("ID_24AC769FE6B3490B9FC8DE83FECC29C9",1) | E54: =IF($A54="","",IFERROR(INDEX(配置数据库!$G:$AG,MATCH($A54,配置数据库!$A:$A,0),MATCH($B$3,配置数据库!$G$8:$AG$8,0)),"")) | F54: =IF(ISNUMBER(SEARCH("；",SUBSTITUTE($E54,";","；"))),TRIM(MID(SUBSTITUTE(SUBSTITUTE($E54,";","；"),"；",REPT(" ",100)),1,100)),"") | G54: =IF(ISNUMBER(SEARCH("；",SUBSTITUTE($E54,";","；"))),TRIM(MID(SUBSTITUTE(SUBSTITUTE($E54,";","；"),"；",REPT(" ",100)),101,100)),"") | H54: =IF(ISNUMBER(SEARCH("；",SUBSTITUTE($E54,";","；"))),TRIM(MID(SUBSTITUTE(SUBSTITUTE($E54,";","；"),"；",REPT(" ",100)),201,100)),"") | I54: =IF(ISNUMBER(SEARCH("；",SUBSTITUTE($E54,";","；"))),TRIM(MID(SUBSTITUTE(SUBSTITUTE($E54,";","；"),"；",REPT(" ",100)),301,100)),"") | J54: =IF(ISNUMBER(SEARCH("；",SUBSTITUTE($E54,";","；"))),TRIM(MID(SUBSTITUTE(SUBSTITUTE($E54,";","；"),"；",REPT(" ",100)),401,100)),"") | K54: =IF(ISNUMBER(SEARCH("；",SUBSTITUTE($E54,";","；"))),TRIM(MID(SUBSTITUTE(SUBSTITUTE($E54,";","；"),"；",REPT(" ",100)),501,100)),"") | L54: =IF(ISNUMBER(SEARCH("；",SUBSTITUTE($E54,";","；"))),TRIM(MID(SUBSTITUTE(SUBSTITUTE($E54,";","；"),"；",REPT(" ",100)),601,100)),"") | M54: =IF(ISNUMBER(SEARCH("；",SUBSTITUTE($E54,";","；"))),TRIM(MID(SUBSTITUTE(SUBSTITUTE($E54,";","；"),"；",REPT(" ",100)),701,100)),"") | N54: =IF(ISNUMBER(SEARCH("；",SUBSTITUTE($E54,";","；"))),TRIM(MID(SUBSTITUTE(SUBSTITUTE($E54,";","；"),"；",REPT(" ",100)),801,100)),"") | O54: =IF(ISNUMBER(SEARCH("；",SUBSTITUTE($E54,";","；"))),TRIM(MID(SUBSTITUTE(SUBSTITUTE($E54,";","；"),"；",REPT(" ",100)),901,100)),"") | P54: =IF(AND(配置数据库!#REF!="售前填写",INDEX(配置数据库!#REF!,1,MATCH($B$3,配置数据库!$G$8:$AG$8,0))<>""),SUMPRODUCT((配置数据库!$C$10:$C85="售前填写")*(INDEX(配置数据库!$G$10:$AG85,0,MATCH($B$3,配置数据库!$G$8:$AG$8,0))<>"")),"") -> #REF! | Q54: =IF(AND(配置数据库!#REF!="默认配置",INDEX(配置数据库!#REF!,1,MATCH($B$3,配置数据库!$G$8:$AG$8,0))<>""),SUMPRODUCT((配置数据库!$C$10:$C85="默认配置")*(INDEX(配置数据库!$G$10:$AG85,0,MATCH($B$3,配置数据库!$G$8:$AG$8,0))<>"")),"") -> #REF!
A55: =IFERROR(INDEX(配置数据库!$A:$A,MATCH(13,$Q:$Q,0)),"") | B55: =IF($A55="","",IFERROR(LEFT(SUBSTITUTE(IFERROR(INDEX(配置数据库!$G:$AG,MATCH(13,$Q:$Q,0),MATCH($B$3,配置数据库!$G$8:$AG$8,0)),""),";","；"),FIND("；",SUBSTITUTE(IFERROR(INDEX(配置数据库!$G:$AG,MATCH(13,$Q:$Q,0),MATCH($B$3,配置数据库!$G$8:$AG$8,0)),""),";","；"))-1),IFERROR(INDEX(配置数据库!$G:$AG,MATCH(13,$Q:$Q,0),MATCH($B$3,配置数据库!$G$8:$AG$8,0)),""))) | C55: =IF($A55="","","自动带出") | D55: =IF($A55="","",IFERROR(INDEX(配置数据库!$B:$B,MATCH(13,$Q:$Q,0)),"")) | E55: =IF($A55="","",IFERROR(INDEX(配置数据库!$G:$AG,MATCH($A55,配置数据库!$A:$A,0),MATCH($B$3,配置数据库!$G$8:$AG$8,0)),"")) | F55: =IF(ISNUMBER(SEARCH("；",SUBSTITUTE($E55,";","；"))),TRIM(MID(SUBSTITUTE(SUBSTITUTE($E55,";","；"),"；",REPT(" ",100)),1,100)),"") | G55: =IF(ISNUMBER(SEARCH("；",SUBSTITUTE($E55,";","；"))),TRIM(MID(SUBSTITUTE(SUBSTITUTE($E55,";","；"),"；",REPT(" ",100)),101,100)),"") | H55: =IF(ISNUMBER(SEARCH("；",SUBSTITUTE($E55,";","；"))),TRIM(MID(SUBSTITUTE(SUBSTITUTE($E55,";","；"),"；",REPT(" ",100)),201,100)),"") | I55: =IF(ISNUMBER(SEARCH("；",SUBSTITUTE($E55,";","；"))),TRIM(MID(SUBSTITUTE(SUBSTITUTE($E55,";","；"),"；",REPT(" ",100)),301,100)),"") | J55: =IF(ISNUMBER(SEARCH("；",SUBSTITUTE($E55,";","；"))),TRIM(MID(SUBSTITUTE(SUBSTITUTE($E55,";","；"),"；",REPT(" ",100)),401,100)),"") | K55: =IF(ISNUMBER(SEARCH("；",SUBSTITUTE($E55,";","；"))),TRIM(MID(SUBSTITUTE(SUBSTITUTE($E55,";","；"),"；",REPT(" ",100)),501,100)),"") | L55: =IF(ISNUMBER(SEARCH("；",SUBSTITUTE($E55,";","；"))),TRIM(MID(SUBSTITUTE(SUBSTITUTE($E55,";","；"),"；",REPT(" ",100)),601,100)),"") | M55: =IF(ISNUMBER(SEARCH("；",SUBSTITUTE($E55,";","；"))),TRIM(MID(SUBSTITUTE(SUBSTITUTE($E55,";","；"),"；",REPT(" ",100)),701,100)),"") | N55: =IF(ISNUMBER(SEARCH("；",SUBSTITUTE($E55,";","；"))),TRIM(MID(SUBSTITUTE(SUBSTITUTE($E55,";","；"),"；",REPT(" ",100)),801,100)),"") | O55: =IF(ISNUMBER(SEARCH("；",SUBSTITUTE($E55,";","；"))),TRIM(MID(SUBSTITUTE(SUBSTITUTE($E55,";","；"),"；",REPT(" ",100)),901,100)),"") | P55: =IF(AND(配置数据库!$C86="售前填写",INDEX(配置数据库!$G86:$AG86,1,MATCH($B$3,配置数据库!$G$8:$AG$8,0))<>""),SUMPRODUCT((配置数据库!$C$10:$C86="售前填写")*(INDEX(配置数据库!$G$10:$AG86,0,MATCH($B$3,配置数据库!$G$8:$AG$8,0))<>"")),"") | Q55: =IF(AND(配置数据库!$C86="默认配置",INDEX(配置数据库!$G86:$AG86,1,MATCH($B$3,配置数据库!$G$8:$AG$8,0))<>""),SUMPRODUCT((配置数据库!$C$10:$C86="默认配置")*(INDEX(配置数据库!$G$10:$AG86,0,MATCH($B$3,配置数据库!$G$8:$AG$8,0))<>"")),"") -> 20
A56: =IFERROR(INDEX(配置数据库!$A:$A,MATCH(14,$Q:$Q,0)),"") -> N GMA托盘避让孔后沿距边缘 | B56: =IF($A56="","",IFERROR(LEFT(SUBSTITUTE(IFERROR(INDEX(配置数据库!$G:$AG,MATCH(14,$Q:$Q,0),MATCH($B$3,配置数据库!$G$8:$AG$8,0)),""),";","；"),FIND("；",SUBSTITUTE(IFERROR(INDEX(配置数据库!$G:$AG,MATCH(14,$Q:$Q,0),MATCH($B$3,配置数据库!$G$8:$AG$8,0)),""),";","；"))-1),IFERROR(INDEX(配置数据库!$G:$AG,MATCH(14,$Q:$Q,0),MATCH($B$3,配置数据库!$G$8:$AG$8,0)),""))) -> 0 | C56: =IF($A56="","","自动带出") -> 自动带出 | D56: =IF($A56="","",IFERROR(INDEX(配置数据库!$B:$B,MATCH(14,$Q:$Q,0)),"")) -> =DISPIMG("ID_8AC8D239D6D744E489CA5FA086DB109B",1) | E56: =IF($A56="","",IFERROR(INDEX(配置数据库!$G:$AG,MATCH($A56,配置数据库!$A:$A,0),MATCH($B$3,配置数据库!$G$8:$AG$8,0)),"")) -> 0 | F56: =IF(ISNUMBER(SEARCH("；",SUBSTITUTE($E56,";","；"))),TRIM(MID(SUBSTITUTE(SUBSTITUTE($E56,";","；"),"；",REPT(" ",100)),1,100)),"") | G56: =IF(ISNUMBER(SEARCH("；",SUBSTITUTE($E56,";","；"))),TRIM(MID(SUBSTITUTE(SUBSTITUTE($E56,";","；"),"；",REPT(" ",100)),101,100)),"") | H56: =IF(ISNUMBER(SEARCH("；",SUBSTITUTE($E56,";","；"))),TRIM(MID(SUBSTITUTE(SUBSTITUTE($E56,";","；"),"；",REPT(" ",100)),201,100)),"") | I56: =IF(ISNUMBER(SEARCH("；",SUBSTITUTE($E56,";","；"))),TRIM(MID(SUBSTITUTE(SUBSTITUTE($E56,";","；"),"；",REPT(" ",100)),301,100)),"") | J56: =IF(ISNUMBER(SEARCH("；",SUBSTITUTE($E56,";","；"))),TRIM(MID(SUBSTITUTE(SUBSTITUTE($E56,";","；"),"；",REPT(" ",100)),401,100)),"") | K56: =IF(ISNUMBER(SEARCH("；",SUBSTITUTE($E56,";","；"))),TRIM(MID(SUBSTITUTE(SUBSTITUTE($E56,";","；"),"；",REPT(" ",100)),501,100)),"") | L56: =IF(ISNUMBER(SEARCH("；",SUBSTITUTE($E56,";","；"))),TRIM(MID(SUBSTITUTE(SUBSTITUTE($E56,";","；"),"；",REPT(" ",100)),601,100)),"") | M56: =IF(ISNUMBER(SEARCH("；",SUBSTITUTE($E56,";","；"))),TRIM(MID(SUBSTITUTE(SUBSTITUTE($E56,";","；"),"；",REPT(" ",100)),701,100)),"") | N56: =IF(ISNUMBER(SEARCH("；",SUBSTITUTE($E56,";","；"))),TRIM(MID(SUBSTITUTE(SUBSTITUTE($E56,";","；"),"；",REPT(" ",100)),801,100)),"") | O56: =IF(ISNUMBER(SEARCH("；",SUBSTITUTE($E56,";","；"))),TRIM(MID(SUBSTITUTE(SUBSTITUTE($E56,";","；"),"；",REPT(" ",100)),901,100)),"") | P56: =IF(AND(配置数据库!$C87="售前填写",INDEX(配置数据库!$G87:$AG87,1,MATCH($B$3,配置数据库!$G$8:$AG$8,0))<>""),SUMPRODUCT((配置数据库!$C$10:$C87="售前填写")*(INDEX(配置数据库!$G$10:$AG87,0,MATCH($B$3,配置数据库!$G$8:$AG$8,0))<>"")),"") | Q56: =IF(AND(配置数据库!$C87="默认配置",INDEX(配置数据库!$G87:$AG87,1,MATCH($B$3,配置数据库!$G$8:$AG$8,0))<>""),SUMPRODUCT((配置数据库!$C$10:$C87="默认配置")*(INDEX(配置数据库!$G$10:$AG87,0,MATCH($B$3,配置数据库!$G$8:$AG$8,0))<>"")),"") -> 21
A57: =IFERROR(INDEX(配置数据库!$A:$A,MATCH(15,$Q:$Q,0)),"") -> O GMA托盘避让孔前沿距边缘 | B57: =IF($A57="","",IFERROR(LEFT(SUBSTITUTE(IFERROR(INDEX(配置数据库!$G:$AG,MATCH(15,$Q:$Q,0),MATCH($B$3,配置数据库!$G$8:$AG$8,0)),""),";","；"),FIND("；",SUBSTITUTE(IFERROR(INDEX(配置数据库!$G:$AG,MATCH(15,$Q:$Q,0),MATCH($B$3,配置数据库!$G$8:$AG$8,0)),""),";","；"))-1),IFERROR(INDEX(配置数据库!$G:$AG,MATCH(15,$Q:$Q,0),MATCH($B$3,配置数据库!$G$8:$AG$8,0)),""))) -> 0 | C57: =IF($A57="","","自动带出") -> 自动带出 | D57: =IF($A57="","",IFERROR(INDEX(配置数据库!$B:$B,MATCH(15,$Q:$Q,0)),"")) -> 0 | E57: =IF($A57="","",IFERROR(INDEX(配置数据库!$G:$AG,MATCH($A57,配置数据库!$A:$A,0),MATCH($B$3,配置数据库!$G$8:$AG$8,0)),"")) -> 0 | F57: =IF(ISNUMBER(SEARCH("；",SUBSTITUTE($E57,";","；"))),TRIM(MID(SUBSTITUTE(SUBSTITUTE($E57,";","；"),"；",REPT(" ",100)),1,100)),"") | G57: =IF(ISNUMBER(SEARCH("；",SUBSTITUTE($E57,";","；"))),TRIM(MID(SUBSTITUTE(SUBSTITUTE($E57,";","；"),"；",REPT(" ",100)),101,100)),"") | H57: =IF(ISNUMBER(SEARCH("；",SUBSTITUTE($E57,";","；"))),TRIM(MID(SUBSTITUTE(SUBSTITUTE($E57,";","；"),"；",REPT(" ",100)),201,100)),"") | I57: =IF(ISNUMBER(SEARCH("；",SUBSTITUTE($E57,";","；"))),TRIM(MID(SUBSTITUTE(SUBSTITUTE($E57,";","；"),"；",REPT(" ",100)),301,100)),"") | J57: =IF(ISNUMBER(SEARCH("；",SUBSTITUTE($E57,";","；"))),TRIM(MID(SUBSTITUTE(SUBSTITUTE($E57,";","；"),"；",REPT(" ",100)),401,100)),"") | K57: =IF(ISNUMBER(SEARCH("；",SUBSTITUTE($E57,";","；"))),TRIM(MID(SUBSTITUTE(SUBSTITUTE($E57,";","；"),"；",REPT(" ",100)),501,100)),"") | L57: =IF(ISNUMBER(SEARCH("；",SUBSTITUTE($E57,";","；"))),TRIM(MID(SUBSTITUTE(SUBSTITUTE($E57,";","；"),"；",REPT(" ",100)),601,100)),"") | M57: =IF(ISNUMBER(SEARCH("；",SUBSTITUTE($E57,";","；"))),TRIM(MID(SUBSTITUTE(SUBSTITUTE($E57,";","；"),"；",REPT(" ",100)),701,100)),"") | N57: =IF(ISNUMBER(SEARCH("；",SUBSTITUTE($E57,";","；"))),TRIM(MID(SUBSTITUTE(SUBSTITUTE($E57,";","；"),"；",REPT(" ",100)),801,100)),"") | O57: =IF(ISNUMBER(SEARCH("；",SUBSTITUTE($E57,";","；"))),TRIM(MID(SUBSTITUTE(SUBSTITUTE($E57,";","；"),"；",REPT(" ",100)),901,100)),"") | P57: =IF(AND(配置数据库!$C88="售前填写",INDEX(配置数据库!$G88:$AG88,1,MATCH($B$3,配置数据库!$G$8:$AG$8,0))<>""),SUMPRODUCT((配置数据库!$C$10:$C88="售前填写")*(INDEX(配置数据库!$G$10:$AG88,0,MATCH($B$3,配置数据库!$G$8:$AG$8,0))<>"")),"") | Q57: =IF(AND(配置数据库!$C88="默认配置",INDEX(配置数据库!$G88:$AG88,1,MATCH($B$3,配置数据库!$G$8:$AG$8,0))<>""),SUMPRODUCT((配置数据库!$C$10:$C88="默认配置")*(INDEX(配置数据库!$G$10:$AG88,0,MATCH($B$3,配置数据库!$G$8:$AG$8,0))<>"")),"") -> 22
A58: =IFERROR(INDEX(配置数据库!$A:$A,MATCH(16,$Q:$Q,0)),"") -> 料架 | B58: =IF($A58="","",IFERROR(LEFT(SUBSTITUTE(IFERROR(INDEX(配置数据库!$G:$AG,MATCH(16,$Q:$Q,0),MATCH($B$3,配置数据库!$G$8:$AG$8,0)),""),";","；"),FIND("；",SUBSTITUTE(IFERROR(INDEX(配置数据库!$G:$AG,MATCH(16,$Q:$Q,0),MATCH($B$3,配置数据库!$G$8:$AG$8,0)),""),";","；"))-1),IFERROR(INDEX(配置数据库!$G:$AG,MATCH(16,$Q:$Q,0),MATCH($B$3,配置数据库!$G$8:$AG$8,0)),""))) -> 0 | C58: =IF($A58="","","自动带出") -> 自动带出 | D58: =IF($A58="","",IFERROR(INDEX(配置数据库!$B:$B,MATCH(16,$Q:$Q,0)),"")) -> 配图 | E58: =IF($A58="","",IFERROR(INDEX(配置数据库!$G:$AG,MATCH($A58,配置数据库!$A:$A,0),MATCH($B$3,配置数据库!$G$8:$AG$8,0)),"")) -> 0 | F58: =IF(ISNUMBER(SEARCH("；",SUBSTITUTE($E58,";","；"))),TRIM(MID(SUBSTITUTE(SUBSTITUTE($E58,";","；"),"；",REPT(" ",100)),1,100)),"") | G58: =IF(ISNUMBER(SEARCH("；",SUBSTITUTE($E58,";","；"))),TRIM(MID(SUBSTITUTE(SUBSTITUTE($E58,";","；"),"；",REPT(" ",100)),101,100)),"") | H58: =IF(ISNUMBER(SEARCH("；",SUBSTITUTE($E58,";","；"))),TRIM(MID(SUBSTITUTE(SUBSTITUTE($E58,";","；"),"；",REPT(" ",100)),201,100)),"") | I58: =IF(ISNUMBER(SEARCH("；",SUBSTITUTE($E58,";","；"))),TRIM(MID(SUBSTITUTE(SUBSTITUTE($E58,";","；"),"；",REPT(" ",100)),301,100)),"") | J58: =IF(ISNUMBER(SEARCH("；",SUBSTITUTE($E58,";","；"))),TRIM(MID(SUBSTITUTE(SUBSTITUTE($E58,";","；"),"；",REPT(" ",100)),401,100)),"") | K58: =IF(ISNUMBER(SEARCH("；",SUBSTITUTE($E58,";","；"))),TRIM(MID(SUBSTITUTE(SUBSTITUTE($E58,";","；"),"；",REPT(" ",100)),501,100)),"") | L58: =IF(ISNUMBER(SEARCH("；",SUBSTITUTE($E58,";","；"))),TRIM(MID(SUBSTITUTE(SUBSTITUTE($E58,";","；"),"；",REPT(" ",100)),601,100)),"") | M58: =IF(ISNUMBER(SEARCH("；",SUBSTITUTE($E58,";","；"))),TRIM(MID(SUBSTITUTE(SUBSTITUTE($E58,";","；"),"；",REPT(" ",100)),701,100)),"") | N58: =IF(ISNUMBER(SEARCH("；",SUBSTITUTE($E58,";","；"))),TRIM(MID(SUBSTITUTE(SUBSTITUTE($E58,";","；"),"；",REPT(" ",100)),801,100)),"") | O58: =IF(ISNUMBER(SEARCH("；",SUBSTITUTE($E58,";","；"))),TRIM(MID(SUBSTITUTE(SUBSTITUTE($E58,";","；"),"；",REPT(" ",100)),901,100)),"") | P58: =IF(AND(配置数据库!$C89="售前填写",INDEX(配置数据库!$G89:$AG89,1,MATCH($B$3,配置数据库!$G$8:$AG$8,0))<>""),SUMPRODUCT((配置数据库!$C$10:$C89="售前填写")*(INDEX(配置数据库!$G$10:$AG89,0,MATCH($B$3,配置数据库!$G$8:$AG$8,0))<>"")),"") | Q58: =IF(AND(配置数据库!$C89="默认配置",INDEX(配置数据库!$G89:$AG89,1,MATCH($B$3,配置数据库!$G$8:$AG$8,0))<>""),SUMPRODUCT((配置数据库!$C$10:$C89="默认配置")*(INDEX(配置数据库!$G$10:$AG89,0,MATCH($B$3,配置数据库!$G$8:$AG$8,0))<>"")),"") -> 23
A59: =IFERROR(INDEX(配置数据库!$A:$A,MATCH(17,$Q:$Q,0)),"") -> 料架类型 | B59: =IF($A59="","",IFERROR(LEFT(SUBSTITUTE(IFERROR(INDEX(配置数据库!$G:$AG,MATCH(17,$Q:$Q,0),MATCH($B$3,配置数据库!$G$8:$AG$8,0)),""),";","；"),FIND("；",SUBSTITUTE(IFERROR(INDEX(配置数据库!$G:$AG,MATCH(17,$Q:$Q,0),MATCH($B$3,配置数据库!$G$8:$AG$8,0)),""),";","；"))-1),IFERROR(INDEX(配置数据库!$G:$AG,MATCH(17,$Q:$Q,0),MATCH($B$3,配置数据库!$G$8:$AG$8,0)),""))) -> 叉车料架 | C59: =IF($A59="","","自动带出") -> 自动带出 | D59: =IF($A59="","",IFERROR(INDEX(配置数据库!$B:$B,MATCH(17,$Q:$Q,0)),"")) -> 0 | E59: =IF($A59="","",IFERROR(INDEX(配置数据库!$G:$AG,MATCH($A59,配置数据库!$A:$A,0),MATCH($B$3,配置数据库!$G$8:$AG$8,0)),"")) -> 叉车料架；背负料架；牵引料架 | F59: =IF(ISNUMBER(SEARCH("；",SUBSTITUTE($E59,";","；"))),TRIM(MID(SUBSTITUTE(SUBSTITUTE($E59,";","；"),"；",REPT(" ",100)),1,100)),"") -> 叉车料架 | G59: =IF(ISNUMBER(SEARCH("；",SUBSTITUTE($E59,";","；"))),TRIM(MID(SUBSTITUTE(SUBSTITUTE($E59,";","；"),"；",REPT(" ",100)),101,100)),"") -> 背负料架 | H59: =IF(ISNUMBER(SEARCH("；",SUBSTITUTE($E59,";","；"))),TRIM(MID(SUBSTITUTE(SUBSTITUTE($E59,";","；"),"；",REPT(" ",100)),201,100)),"") -> 牵引料架 | I59: =IF(ISNUMBER(SEARCH("；",SUBSTITUTE($E59,";","；"))),TRIM(MID(SUBSTITUTE(SUBSTITUTE($E59,";","；"),"；",REPT(" ",100)),301,100)),"") | J59: =IF(ISNUMBER(SEARCH("；",SUBSTITUTE($E59,";","；"))),TRIM(MID(SUBSTITUTE(SUBSTITUTE($E59,";","；"),"；",REPT(" ",100)),401,100)),"") | K59: =IF(ISNUMBER(SEARCH("；",SUBSTITUTE($E59,";","；"))),TRIM(MID(SUBSTITUTE(SUBSTITUTE($E59,";","；"),"；",REPT(" ",100)),501,100)),"") | L59: =IF(ISNUMBER(SEARCH("；",SUBSTITUTE($E59,";","；"))),TRIM(MID(SUBSTITUTE(SUBSTITUTE($E59,";","；"),"；",REPT(" ",100)),601,100)),"") | M59: =IF(ISNUMBER(SEARCH("；",SUBSTITUTE($E59,";","；"))),TRIM(MID(SUBSTITUTE(SUBSTITUTE($E59,";","；"),"；",REPT(" ",100)),701,100)),"") | N59: =IF(ISNUMBER(SEARCH("；",SUBSTITUTE($E59,";","；"))),TRIM(MID(SUBSTITUTE(SUBSTITUTE($E59,";","；"),"；",REPT(" ",100)),801,100)),"") | O59: =IF(ISNUMBER(SEARCH("；",SUBSTITUTE($E59,";","；"))),TRIM(MID(SUBSTITUTE(SUBSTITUTE($E59,";","；"),"；",REPT(" ",100)),901,100)),"") | P59: =IF(AND(配置数据库!$C91="售前填写",INDEX(配置数据库!$G91:$AG91,1,MATCH($B$3,配置数据库!$G$8:$AG$8,0))<>""),SUMPRODUCT((配置数据库!$C$10:$C91="售前填写")*(INDEX(配置数据库!$G$10:$AG91,0,MATCH($B$3,配置数据库!$G$8:$AG$8,0))<>"")),"") | Q59: =IF(AND(配置数据库!$C91="默认配置",INDEX(配置数据库!$G91:$AG91,1,MATCH($B$3,配置数据库!$G$8:$AG$8,0))<>""),SUMPRODUCT((配置数据库!$C$10:$C91="默认配置")*(INDEX(配置数据库!$G$10:$AG91,0,MATCH($B$3,配置数据库!$G$8:$AG$8,0))<>"")),"") -> 24
A60: =IFERROR(INDEX(配置数据库!$A:$A,MATCH(18,$Q:$Q,0)),"") -> 设备图片 | B60: =IF($A60="","",IFERROR(LEFT(SUBSTITUTE(IFERROR(INDEX(配置数据库!$G:$AG,MATCH(18,$Q:$Q,0),MATCH($B$3,配置数据库!$G$8:$AG$8,0)),""),";","；"),FIND("；",SUBSTITUTE(IFERROR(INDEX(配置数据库!$G:$AG,MATCH(18,$Q:$Q,0),MATCH($B$3,配置数据库!$G$8:$AG$8,0)),""),";","；"))-1),IFERROR(INDEX(配置数据库!$G:$AG,MATCH(18,$Q:$Q,0),MATCH($B$3,配置数据库!$G$8:$AG$8,0)),""))) -> 请附图片 | C60: =IF($A60="","","自动带出") -> 自动带出 | D60: =IF($A60="","",IFERROR(INDEX(配置数据库!$B:$B,MATCH(18,$Q:$Q,0)),"")) -> 0 | E60: =IF($A60="","",IFERROR(INDEX(配置数据库!$G:$AG,MATCH($A60,配置数据库!$A:$A,0),MATCH($B$3,配置数据库!$G$8:$AG$8,0)),"")) -> 请附图片 | F60: =IF(ISNUMBER(SEARCH("；",SUBSTITUTE($E60,";","；"))),TRIM(MID(SUBSTITUTE(SUBSTITUTE($E60,";","；"),"；",REPT(" ",100)),1,100)),"") | G60: =IF(ISNUMBER(SEARCH("；",SUBSTITUTE($E60,";","；"))),TRIM(MID(SUBSTITUTE(SUBSTITUTE($E60,";","；"),"；",REPT(" ",100)),101,100)),"") | H60: =IF(ISNUMBER(SEARCH("；",SUBSTITUTE($E60,";","；"))),TRIM(MID(SUBSTITUTE(SUBSTITUTE($E60,";","；"),"；",REPT(" ",100)),201,100)),"") | I60: =IF(ISNUMBER(SEARCH("；",SUBSTITUTE($E60,";","；"))),TRIM(MID(SUBSTITUTE(SUBSTITUTE($E60,";","；"),"；",REPT(" ",100)),301,100)),"") | J60: =IF(ISNUMBER(SEARCH("；",SUBSTITUTE($E60,";","；"))),TRIM(MID(SUBSTITUTE(SUBSTITUTE($E60,";","；"),"；",REPT(" ",100)),401,100)),"") | K60: =IF(ISNUMBER(SEARCH("；",SUBSTITUTE($E60,";","；"))),TRIM(MID(SUBSTITUTE(SUBSTITUTE($E60,";","；"),"；",REPT(" ",100)),501,100)),"") | L60: =IF(ISNUMBER(SEARCH("；",SUBSTITUTE($E60,";","；"))),TRIM(MID(SUBSTITUTE(SUBSTITUTE($E60,";","；"),"；",REPT(" ",100)),601,100)),"") | M60: =IF(ISNUMBER(SEARCH("；",SUBSTITUTE($E60,";","；"))),TRIM(MID(SUBSTITUTE(SUBSTITUTE($E60,";","；"),"；",REPT(" ",100)),701,100)),"") | N60: =IF(ISNUMBER(SEARCH("；",SUBSTITUTE($E60,";","；"))),TRIM(MID(SUBSTITUTE(SUBSTITUTE($E60,";","；"),"；",REPT(" ",100)),801,100)),"") | O60: =IF(ISNUMBER(SEARCH("；",SUBSTITUTE($E60,";","；"))),TRIM(MID(SUBSTITUTE(SUBSTITUTE($E60,";","；"),"；",REPT(" ",100)),901,100)),"") | P60: =IF(AND(配置数据库!$C92="售前填写",INDEX(配置数据库!$G92:$AG92,1,MATCH($B$3,配置数据库!$G$8:$AG$8,0))<>""),SUMPRODUCT((配置数据库!$C$10:$C92="售前填写")*(INDEX(配置数据库!$G$10:$AG92,0,MATCH($B$3,配置数据库!$G$8:$AG$8,0))<>"")),"") | Q60: =IF(AND(配置数据库!$C92="默认配置",INDEX(配置数据库!$G92:$AG92,1,MATCH($B$3,配置数据库!$G$8:$AG$8,0))<>""),SUMPRODUCT((配置数据库!$C$10:$C92="默认配置")*(INDEX(配置数据库!$G$10:$AG92,0,MATCH($B$3,配置数据库!$G$8:$AG$8,0))<>"")),"") -> 25
A61: =IFERROR(INDEX(配置数据库!$A:$A,MATCH(19,$Q:$Q,0)),"") -> 驶入方向边长-W(mm) | B61: =IF($A61="","",IFERROR(LEFT(SUBSTITUTE(IFERROR(INDEX(配置数据库!$G:$AG,MATCH(19,$Q:$Q,0),MATCH($B$3,配置数据库!$G$8:$AG$8,0)),""),";","；"),FIND("；",SUBSTITUTE(IFERROR(INDEX(配置数据库!$G:$AG,MATCH(19,$Q:$Q,0),MATCH($B$3,配置数据库!$G$8:$AG$8,0)),""),";","；"))-1),IFERROR(INDEX(配置数据库!$G:$AG,MATCH(19,$Q:$Q,0),MATCH($B$3,配置数据库!$G$8:$AG$8,0)),""))) -> 0 | C61: =IF($A61="","","自动带出") -> 自动带出 | D61: =IF($A61="","",IFERROR(INDEX(配置数据库!$B:$B,MATCH(19,$Q:$Q,0)),"")) -> =DISPIMG("ID_4BA5DE40EF5F4EC2A84356925BE7A6DA",1) | E61: =IF($A61="","",IFERROR(INDEX(配置数据库!$G:$AG,MATCH($A61,配置数据库!$A:$A,0),MATCH($B$3,配置数据库!$G$8:$AG$8,0)),"")) -> 0 | F61: =IF(ISNUMBER(SEARCH("；",SUBSTITUTE($E61,";","；"))),TRIM(MID(SUBSTITUTE(SUBSTITUTE($E61,";","；"),"；",REPT(" ",100)),1,100)),"") | G61: =IF(ISNUMBER(SEARCH("；",SUBSTITUTE($E61,";","；"))),TRIM(MID(SUBSTITUTE(SUBSTITUTE($E61,";","；"),"；",REPT(" ",100)),101,100)),"") | H61: =IF(ISNUMBER(SEARCH("；",SUBSTITUTE($E61,";","；"))),TRIM(MID(SUBSTITUTE(SUBSTITUTE($E61,";","；"),"；",REPT(" ",100)),201,100)),"") | I61: =IF(ISNUMBER(SEARCH("；",SUBSTITUTE($E61,";","；"))),TRIM(MID(SUBSTITUTE(SUBSTITUTE($E61,";","；"),"；",REPT(" ",100)),301,100)),"") | J61: =IF(ISNUMBER(SEARCH("；",SUBSTITUTE($E61,";","；"))),TRIM(MID(SUBSTITUTE(SUBSTITUTE($E61,";","；"),"；",REPT(" ",100)),401,100)),"") | K61: =IF(ISNUMBER(SEARCH("；",SUBSTITUTE($E61,";","；"))),TRIM(MID(SUBSTITUTE(SUBSTITUTE($E61,";","；"),"；",REPT(" ",100)),501,100)),"") | L61: =IF(ISNUMBER(SEARCH("；",SUBSTITUTE($E61,";","；"))),TRIM(MID(SUBSTITUTE(SUBSTITUTE($E61,";","；"),"；",REPT(" ",100)),601,100)),"") | M61: =IF(ISNUMBER(SEARCH("；",SUBSTITUTE($E61,";","；"))),TRIM(MID(SUBSTITUTE(SUBSTITUTE($E61,";","；"),"；",REPT(" ",100)),701,100)),"") | N61: =IF(ISNUMBER(SEARCH("；",SUBSTITUTE($E61,";","；"))),TRIM(MID(SUBSTITUTE(SUBSTITUTE($E61,";","；"),"；",REPT(" ",100)),801,100)),"") | O61: =IF(ISNUMBER(SEARCH("；",SUBSTITUTE($E61,";","；"))),TRIM(MID(SUBSTITUTE(SUBSTITUTE($E61,";","；"),"；",REPT(" ",100)),901,100)),"") | P61: =IF(AND(配置数据库!$C93="售前填写",INDEX(配置数据库!$G93:$AG93,1,MATCH($B$3,配置数据库!$G$8:$AG$8,0))<>""),SUMPRODUCT((配置数据库!$C$10:$C93="售前填写")*(INDEX(配置数据库!$G$10:$AG93,0,MATCH($B$3,配置数据库!$G$8:$AG$8,0))<>"")),"") | Q61: =IF(AND(配置数据库!$C93="默认配置",INDEX(配置数据库!$G93:$AG93,1,MATCH($B$3,配置数据库!$G$8:$AG$8,0))<>""),SUMPRODUCT((配置数据库!$C$10:$C93="默认配置")*(INDEX(配置数据库!$G$10:$AG93,0,MATCH($B$3,配置数据库!$G$8:$AG$8,0))<>"")),"") -> 26
A62: =IFERROR(INDEX(配置数据库!$A:$A,MATCH(20,$Q:$Q,0)),"") -> 驶入方向支腿边长-W1(mm) | B62: =IF($A62="","",IFERROR(LEFT(SUBSTITUTE(IFERROR(INDEX(配置数据库!$G:$AG,MATCH(20,$Q:$Q,0),MATCH($B$3,配置数据库!$G$8:$AG$8,0)),""),";","；"),FIND("；",SUBSTITUTE(IFERROR(INDEX(配置数据库!$G:$AG,MATCH(20,$Q:$Q,0),MATCH($B$3,配置数据库!$G$8:$AG$8,0)),""),";","；"))-1),IFERROR(INDEX(配置数据库!$G:$AG,MATCH(20,$Q:$Q,0),MATCH($B$3,配置数据库!$G$8:$AG$8,0)),""))) -> 0 | C62: =IF($A62="","","自动带出") -> 自动带出 | D62: =IF($A62="","",IFERROR(INDEX(配置数据库!$B:$B,MATCH(20,$Q:$Q,0)),"")) -> 0 | E62: =IF($A62="","",IFERROR(INDEX(配置数据库!$G:$AG,MATCH($A62,配置数据库!$A:$A,0),MATCH($B$3,配置数据库!$G$8:$AG$8,0)),"")) -> 0 | F62: =IF(ISNUMBER(SEARCH("；",SUBSTITUTE($E62,";","；"))),TRIM(MID(SUBSTITUTE(SUBSTITUTE($E62,";","；"),"；",REPT(" ",100)),1,100)),"") | G62: =IF(ISNUMBER(SEARCH("；",SUBSTITUTE($E62,";","；"))),TRIM(MID(SUBSTITUTE(SUBSTITUTE($E62,";","；"),"；",REPT(" ",100)),101,100)),"") | H62: =IF(ISNUMBER(SEARCH("；",SUBSTITUTE($E62,";","；"))),TRIM(MID(SUBSTITUTE(SUBSTITUTE($E62,";","；"),"；",REPT(" ",100)),201,100)),"") | I62: =IF(ISNUMBER(SEARCH("；",SUBSTITUTE($E62,";","；"))),TRIM(MID(SUBSTITUTE(SUBSTITUTE($E62,";","；"),"；",REPT(" ",100)),301,100)),"") | J62: =IF(ISNUMBER(SEARCH("；",SUBSTITUTE($E62,";","；"))),TRIM(MID(SUBSTITUTE(SUBSTITUTE($E62,";","；"),"；",REPT(" ",100)),401,100)),"") | K62: =IF(ISNUMBER(SEARCH("；",SUBSTITUTE($E62,";","；"))),TRIM(MID(SUBSTITUTE(SUBSTITUTE($E62,";","；"),"；",REPT(" ",100)),501,100)),"") | L62: =IF(ISNUMBER(SEARCH("；",SUBSTITUTE($E62,";","；"))),TRIM(MID(SUBSTITUTE(SUBSTITUTE($E62,";","；"),"；",REPT(" ",100)),601,100)),"") | M62: =IF(ISNUMBER(SEARCH("；",SUBSTITUTE($E62,";","；"))),TRIM(MID(SUBSTITUTE(SUBSTITUTE($E62,";","；"),"；",REPT(" ",100)),701,100)),"") | N62: =IF(ISNUMBER(SEARCH("；",SUBSTITUTE($E62,";","；"))),TRIM(MID(SUBSTITUTE(SUBSTITUTE($E62,";","；"),"；",REPT(" ",100)),801,100)),"") | O62: =IF(ISNUMBER(SEARCH("；",SUBSTITUTE($E62,";","；"))),TRIM(MID(SUBSTITUTE(SUBSTITUTE($E62,";","；"),"；",REPT(" ",100)),901,100)),"") | P62: =IF(AND(配置数据库!$C94="售前填写",INDEX(配置数据库!$G94:$AG94,1,MATCH($B$3,配置数据库!$G$8:$AG$8,0))<>""),SUMPRODUCT((配置数据库!$C$10:$C94="售前填写")*(INDEX(配置数据库!$G$10:$AG94,0,MATCH($B$3,配置数据库!$G$8:$AG$8,0))<>"")),"") | Q62: =IF(AND(配置数据库!$C94="默认配置",INDEX(配置数据库!$G94:$AG94,1,MATCH($B$3,配置数据库!$G$8:$AG$8,0))<>""),SUMPRODUCT((配置数据库!$C$10:$C94="默认配置")*(INDEX(配置数据库!$G$10:$AG94,0,MATCH($B$3,配置数据库!$G$8:$AG$8,0))<>"")),"") -> 27
A63: =IFERROR(INDEX(配置数据库!$A:$A,MATCH(21,$Q:$Q,0)),"") -> 离地高度-H2(mm) | B63: =IF($A63="","",IFERROR(LEFT(SUBSTITUTE(IFERROR(INDEX(配置数据库!$G:$AG,MATCH(21,$Q:$Q,0),MATCH($B$3,配置数据库!$G$8:$AG$8,0)),""),";","；"),FIND("；",SUBSTITUTE(IFERROR(INDEX(配置数据库!$G:$AG,MATCH(21,$Q:$Q,0),MATCH($B$3,配置数据库!$G$8:$AG$8,0)),""),";","；"))-1),IFERROR(INDEX(配置数据库!$G:$AG,MATCH(21,$Q:$Q,0),MATCH($B$3,配置数据库!$G$8:$AG$8,0)),""))) -> 0 | C63: =IF($A63="","","自动带出") -> 自动带出 | D63: =IF($A63="","",IFERROR(INDEX(配置数据库!$B:$B,MATCH(21,$Q:$Q,0)),"")) -> 0 | E63: =IF($A63="","",IFERROR(INDEX(配置数据库!$G:$AG,MATCH($A63,配置数据库!$A:$A,0),MATCH($B$3,配置数据库!$G$8:$AG$8,0)),"")) -> 0 | F63: =IF(ISNUMBER(SEARCH("；",SUBSTITUTE($E63,";","；"))),TRIM(MID(SUBSTITUTE(SUBSTITUTE($E63,";","；"),"；",REPT(" ",100)),1,100)),"") | G63: =IF(ISNUMBER(SEARCH("；",SUBSTITUTE($E63,";","；"))),TRIM(MID(SUBSTITUTE(SUBSTITUTE($E63,";","；"),"；",REPT(" ",100)),101,100)),"") | H63: =IF(ISNUMBER(SEARCH("；",SUBSTITUTE($E63,";","；"))),TRIM(MID(SUBSTITUTE(SUBSTITUTE($E63,";","；"),"；",REPT(" ",100)),201,100)),"") | I63: =IF(ISNUMBER(SEARCH("；",SUBSTITUTE($E63,";","；"))),TRIM(MID(SUBSTITUTE(SUBSTITUTE($E63,";","；"),"；",REPT(" ",100)),301,100)),"") | J63: =IF(ISNUMBER(SEARCH("；",SUBSTITUTE($E63,";","；"))),TRIM(MID(SUBSTITUTE(SUBSTITUTE($E63,";","；"),"；",REPT(" ",100)),401,100)),"") | K63: =IF(ISNUMBER(SEARCH("；",SUBSTITUTE($E63,";","；"))),TRIM(MID(SUBSTITUTE(SUBSTITUTE($E63,";","；"),"；",REPT(" ",100)),501,100)),"") | L63: =IF(ISNUMBER(SEARCH("；",SUBSTITUTE($E63,";","；"))),TRIM(MID(SUBSTITUTE(SUBSTITUTE($E63,";","；"),"；",REPT(" ",100)),601,100)),"") | M63: =IF(ISNUMBER(SEARCH("；",SUBSTITUTE($E63,";","；"))),TRIM(MID(SUBSTITUTE(SUBSTITUTE($E63,";","；"),"；",REPT(" ",100)),701,100)),"") | N63: =IF(ISNUMBER(SEARCH("；",SUBSTITUTE($E63,";","；"))),TRIM(MID(SUBSTITUTE(SUBSTITUTE($E63,";","；"),"；",REPT(" ",100)),801,100)),"") | O63: =IF(ISNUMBER(SEARCH("；",SUBSTITUTE($E63,";","；"))),TRIM(MID(SUBSTITUTE(SUBSTITUTE($E63,";","；"),"；",REPT(" ",100)),901,100)),"") | P63: =IF(AND(配置数据库!$C95="售前填写",INDEX(配置数据库!$G95:$AG95,1,MATCH($B$3,配置数据库!$G$8:$AG$8,0))<>""),SUMPRODUCT((配置数据库!$C$10:$C95="售前填写")*(INDEX(配置数据库!$G$10:$AG95,0,MATCH($B$3,配置数据库!$G$8:$AG$8,0))<>"")),"") | Q63: =IF(AND(配置数据库!$C95="默认配置",INDEX(配置数据库!$G95:$AG95,1,MATCH($B$3,配置数据库!$G$8:$AG$8,0))<>""),SUMPRODUCT((配置数据库!$C$10:$C95="默认配置")*(INDEX(配置数据库!$G$10:$AG95,0,MATCH($B$3,配置数据库!$G$8:$AG$8,0))<>"")),"") -> 28
A64: =IFERROR(INDEX(配置数据库!$A:$A,MATCH(22,$Q:$Q,0)),"") -> 非驶入方向边长-L(mm) | B64: =IF($A64="","",IFERROR(LEFT(SUBSTITUTE(IFERROR(INDEX(配置数据库!$G:$AG,MATCH(22,$Q:$Q,0),MATCH($B$3,配置数据库!$G$8:$AG$8,0)),""),";","；"),FIND("；",SUBSTITUTE(IFERROR(INDEX(配置数据库!$G:$AG,MATCH(22,$Q:$Q,0),MATCH($B$3,配置数据库!$G$8:$AG$8,0)),""),";","；"))-1),IFERROR(INDEX(配置数据库!$G:$AG,MATCH(22,$Q:$Q,0),MATCH($B$3,配置数据库!$G$8:$AG$8,0)),""))) -> 0 | C64: =IF($A64="","","自动带出") -> 自动带出 | D64: =IF($A64="","",IFERROR(INDEX(配置数据库!$B:$B,MATCH(22,$Q:$Q,0)),"")) -> 0 | E64: =IF($A64="","",IFERROR(INDEX(配置数据库!$G:$AG,MATCH($A64,配置数据库!$A:$A,0),MATCH($B$3,配置数据库!$G$8:$AG$8,0)),"")) -> 0 | F64: =IF(ISNUMBER(SEARCH("；",SUBSTITUTE($E64,";","；"))),TRIM(MID(SUBSTITUTE(SUBSTITUTE($E64,";","；"),"；",REPT(" ",100)),1,100)),"") | G64: =IF(ISNUMBER(SEARCH("；",SUBSTITUTE($E64,";","；"))),TRIM(MID(SUBSTITUTE(SUBSTITUTE($E64,";","；"),"；",REPT(" ",100)),101,100)),"") | H64: =IF(ISNUMBER(SEARCH("；",SUBSTITUTE($E64,";","；"))),TRIM(MID(SUBSTITUTE(SUBSTITUTE($E64,";","；"),"；",REPT(" ",100)),201,100)),"") | I64: =IF(ISNUMBER(SEARCH("；",SUBSTITUTE($E64,";","；"))),TRIM(MID(SUBSTITUTE(SUBSTITUTE($E64,";","；"),"；",REPT(" ",100)),301,100)),"") | J64: =IF(ISNUMBER(SEARCH("；",SUBSTITUTE($E64,";","；"))),TRIM(MID(SUBSTITUTE(SUBSTITUTE($E64,";","；"),"；",REPT(" ",100)),401,100)),"") | K64: =IF(ISNUMBER(SEARCH("；",SUBSTITUTE($E64,";","；"))),TRIM(MID(SUBSTITUTE(SUBSTITUTE($E64,";","；"),"；",REPT(" ",100)),501,100)),"") | L64: =IF(ISNUMBER(SEARCH("；",SUBSTITUTE($E64,";","；"))),TRIM(MID(SUBSTITUTE(SUBSTITUTE($E64,";","；"),"；",REPT(" ",100)),601,100)),"") | M64: =IF(ISNUMBER(SEARCH("；",SUBSTITUTE($E64,";","；"))),TRIM(MID(SUBSTITUTE(SUBSTITUTE($E64,";","；"),"；",REPT(" ",100)),701,100)),"") | N64: =IF(ISNUMBER(SEARCH("；",SUBSTITUTE($E64,";","；"))),TRIM(MID(SUBSTITUTE(SUBSTITUTE($E64,";","；"),"；",REPT(" ",100)),801,100)),"") | O64: =IF(ISNUMBER(SEARCH("；",SUBSTITUTE($E64,";","；"))),TRIM(MID(SUBSTITUTE(SUBSTITUTE($E64,";","；"),"；",REPT(" ",100)),901,100)),"") | P64: =IF(AND(配置数据库!$C96="售前填写",INDEX(配置数据库!$G96:$AG96,1,MATCH($B$3,配置数据库!$G$8:$AG$8,0))<>""),SUMPRODUCT((配置数据库!$C$10:$C96="售前填写")*(INDEX(配置数据库!$G$10:$AG96,0,MATCH($B$3,配置数据库!$G$8:$AG$8,0))<>"")),"") | Q64: =IF(AND(配置数据库!$C96="默认配置",INDEX(配置数据库!$G96:$AG96,1,MATCH($B$3,配置数据库!$G$8:$AG$8,0))<>""),SUMPRODUCT((配置数据库!$C$10:$C96="默认配置")*(INDEX(配置数据库!$G$10:$AG96,0,MATCH($B$3,配置数据库!$G$8:$AG$8,0))<>"")),"") -> 29
A65: =IFERROR(INDEX(配置数据库!$A:$A,MATCH(23,$Q:$Q,0)),"") -> 非驶入方向支腿间距-S2(mm) | B65: =IF($A65="","",IFERROR(LEFT(SUBSTITUTE(IFERROR(INDEX(配置数据库!$G:$AG,MATCH(23,$Q:$Q,0),MATCH($B$3,配置数据库!$G$8:$AG$8,0)),""),";","；"),FIND("；",SUBSTITUTE(IFERROR(INDEX(配置数据库!$G:$AG,MATCH(23,$Q:$Q,0),MATCH($B$3,配置数据库!$G$8:$AG$8,0)),""),";","；"))-1),IFERROR(INDEX(配置数据库!$G:$AG,MATCH(23,$Q:$Q,0),MATCH($B$3,配置数据库!$G$8:$AG$8,0)),""))) -> 0 | C65: =IF($A65="","","自动带出") -> 自动带出 | D65: =IF($A65="","",IFERROR(INDEX(配置数据库!$B:$B,MATCH(23,$Q:$Q,0)),"")) -> 0 | E65: =IF($A65="","",IFERROR(INDEX(配置数据库!$G:$AG,MATCH($A65,配置数据库!$A:$A,0),MATCH($B$3,配置数据库!$G$8:$AG$8,0)),"")) -> 0 | F65: =IF(ISNUMBER(SEARCH("；",SUBSTITUTE($E65,";","；"))),TRIM(MID(SUBSTITUTE(SUBSTITUTE($E65,";","；"),"；",REPT(" ",100)),1,100)),"") | G65: =IF(ISNUMBER(SEARCH("；",SUBSTITUTE($E65,";","；"))),TRIM(MID(SUBSTITUTE(SUBSTITUTE($E65,";","；"),"；",REPT(" ",100)),101,100)),"") | H65: =IF(ISNUMBER(SEARCH("；",SUBSTITUTE($E65,";","；"))),TRIM(MID(SUBSTITUTE(SUBSTITUTE($E65,";","；"),"；",REPT(" ",100)),201,100)),"") | I65: =IF(ISNUMBER(SEARCH("；",SUBSTITUTE($E65,";","；"))),TRIM(MID(SUBSTITUTE(SUBSTITUTE($E65,";","；"),"；",REPT(" ",100)),301,100)),"") | J65: =IF(ISNUMBER(SEARCH("；",SUBSTITUTE($E65,";","；"))),TRIM(MID(SUBSTITUTE(SUBSTITUTE($E65,";","；"),"；",REPT(" ",100)),401,100)),"") | K65: =IF(ISNUMBER(SEARCH("；",SUBSTITUTE($E65,";","；"))),TRIM(MID(SUBSTITUTE(SUBSTITUTE($E65,";","；"),"；",REPT(" ",100)),501,100)),"") | L65: =IF(ISNUMBER(SEARCH("；",SUBSTITUTE($E65,";","；"))),TRIM(MID(SUBSTITUTE(SUBSTITUTE($E65,";","；"),"；",REPT(" ",100)),601,100)),"") | M65: =IF(ISNUMBER(SEARCH("；",SUBSTITUTE($E65,";","；"))),TRIM(MID(SUBSTITUTE(SUBSTITUTE($E65,";","；"),"；",REPT(" ",100)),701,100)),"") | N65: =IF(ISNUMBER(SEARCH("；",SUBSTITUTE($E65,";","；"))),TRIM(MID(SUBSTITUTE(SUBSTITUTE($E65,";","；"),"；",REPT(" ",100)),801,100)),"") | O65: =IF(ISNUMBER(SEARCH("；",SUBSTITUTE($E65,";","；"))),TRIM(MID(SUBSTITUTE(SUBSTITUTE($E65,";","；"),"；",REPT(" ",100)),901,100)),"") | P65: =IF(AND(配置数据库!$C99="售前填写",INDEX(配置数据库!$G99:$AG99,1,MATCH($B$3,配置数据库!$G$8:$AG$8,0))<>""),SUMPRODUCT((配置数据库!$C$10:$C99="售前填写")*(INDEX(配置数据库!$G$10:$AG99,0,MATCH($B$3,配置数据库!$G$8:$AG$8,0))<>"")),"") | Q65: =IF(AND(配置数据库!$C99="默认配置",INDEX(配置数据库!$G99:$AG99,1,MATCH($B$3,配置数据库!$G$8:$AG$8,0))<>""),SUMPRODUCT((配置数据库!$C$10:$C99="默认配置")*(INDEX(配置数据库!$G$10:$AG99,0,MATCH($B$3,配置数据库!$G$8:$AG$8,0))<>"")),"") -> 31
A66: =IFERROR(INDEX(配置数据库!$A:$A,MATCH(24,$Q:$Q,0)),"") -> 非驶入方向支腿边长-W2(mm) | B66: =IF($A66="","",IFERROR(LEFT(SUBSTITUTE(IFERROR(INDEX(配置数据库!$G:$AG,MATCH(24,$Q:$Q,0),MATCH($B$3,配置数据库!$G$8:$AG$8,0)),""),";","；"),FIND("；",SUBSTITUTE(IFERROR(INDEX(配置数据库!$G:$AG,MATCH(24,$Q:$Q,0),MATCH($B$3,配置数据库!$G$8:$AG$8,0)),""),";","；"))-1),IFERROR(INDEX(配置数据库!$G:$AG,MATCH(24,$Q:$Q,0),MATCH($B$3,配置数据库!$G$8:$AG$8,0)),""))) -> 0 | C66: =IF($A66="","","自动带出") -> 自动带出 | D66: =IF($A66="","",IFERROR(INDEX(配置数据库!$B:$B,MATCH(24,$Q:$Q,0)),"")) -> 0 | E66: =IF($A66="","",IFERROR(INDEX(配置数据库!$G:$AG,MATCH($A66,配置数据库!$A:$A,0),MATCH($B$3,配置数据库!$G$8:$AG$8,0)),"")) -> 0 | F66: =IF(ISNUMBER(SEARCH("；",SUBSTITUTE($E66,";","；"))),TRIM(MID(SUBSTITUTE(SUBSTITUTE($E66,";","；"),"；",REPT(" ",100)),1,100)),"") | G66: =IF(ISNUMBER(SEARCH("；",SUBSTITUTE($E66,";","；"))),TRIM(MID(SUBSTITUTE(SUBSTITUTE($E66,";","；"),"；",REPT(" ",100)),101,100)),"") | H66: =IF(ISNUMBER(SEARCH("；",SUBSTITUTE($E66,";","；"))),TRIM(MID(SUBSTITUTE(SUBSTITUTE($E66,";","；"),"；",REPT(" ",100)),201,100)),"") | I66: =IF(ISNUMBER(SEARCH("；",SUBSTITUTE($E66,";","；"))),TRIM(MID(SUBSTITUTE(SUBSTITUTE($E66,";","；"),"；",REPT(" ",100)),301,100)),"") | J66: =IF(ISNUMBER(SEARCH("；",SUBSTITUTE($E66,";","；"))),TRIM(MID(SUBSTITUTE(SUBSTITUTE($E66,";","；"),"；",REPT(" ",100)),401,100)),"") | K66: =IF(ISNUMBER(SEARCH("；",SUBSTITUTE($E66,";","；"))),TRIM(MID(SUBSTITUTE(SUBSTITUTE($E66,";","；"),"；",REPT(" ",100)),501,100)),"") | L66: =IF(ISNUMBER(SEARCH("；",SUBSTITUTE($E66,";","；"))),TRIM(MID(SUBSTITUTE(SUBSTITUTE($E66,";","；"),"；",REPT(" ",100)),601,100)),"") | M66: =IF(ISNUMBER(SEARCH("；",SUBSTITUTE($E66,";","；"))),TRIM(MID(SUBSTITUTE(SUBSTITUTE($E66,";","；"),"；",REPT(" ",100)),701,100)),"") | N66: =IF(ISNUMBER(SEARCH("；",SUBSTITUTE($E66,";","；"))),TRIM(MID(SUBSTITUTE(SUBSTITUTE($E66,";","；"),"；",REPT(" ",100)),801,100)),"") | O66: =IF(ISNUMBER(SEARCH("；",SUBSTITUTE($E66,";","；"))),TRIM(MID(SUBSTITUTE(SUBSTITUTE($E66,";","；"),"；",REPT(" ",100)),901,100)),"") | P66: =IF(AND(配置数据库!$C17="售前填写",INDEX(配置数据库!$G17:$AG17,1,MATCH($B$3,配置数据库!$G$8:$AG$8,0))<>""),SUMPRODUCT((配置数据库!$C$10:$C99="售前填写")*(INDEX(配置数据库!$G$10:$AG99,0,MATCH($B$3,配置数据库!$G$8:$AG$8,0))<>"")),"") | Q66: =IF(AND(配置数据库!$C17="默认配置",INDEX(配置数据库!$G17:$AG17,1,MATCH($B$3,配置数据库!$G$8:$AG$8,0))<>""),SUMPRODUCT((配置数据库!$C$10:$C99="默认配置")*(INDEX(配置数据库!$G$10:$AG99,0,MATCH($B$3,配置数据库!$G$8:$AG$8,0))<>"")),"")
A67: =IFERROR(INDEX(配置数据库!$A:$A,MATCH(25,$Q:$Q,0)),"") -> 默认配置 | B67: =IF($A67="","",IFERROR(LEFT(SUBSTITUTE(IFERROR(INDEX(配置数据库!$G:$AG,MATCH(25,$Q:$Q,0),MATCH($B$3,配置数据库!$G$8:$AG$8,0)),""),";","；"),FIND("；",SUBSTITUTE(IFERROR(INDEX(配置数据库!$G:$AG,MATCH(25,$Q:$Q,0),MATCH($B$3,配置数据库!$G$8:$AG$8,0)),""),";","；"))-1),IFERROR(INDEX(配置数据库!$G:$AG,MATCH(25,$Q:$Q,0),MATCH($B$3,配置数据库!$G$8:$AG$8,0)),""))) -> 0 | C67: =IF($A67="","","自动带出") -> 自动带出 | D67: =IF($A67="","",IFERROR(INDEX(配置数据库!$B:$B,MATCH(25,$Q:$Q,0)),"")) -> 配图 | E67: =IF($A67="","",IFERROR(INDEX(配置数据库!$G:$AG,MATCH($A67,配置数据库!$A:$A,0),MATCH($B$3,配置数据库!$G$8:$AG$8,0)),"")) -> 0 | F67: =IF(ISNUMBER(SEARCH("；",SUBSTITUTE($E67,";","；"))),TRIM(MID(SUBSTITUTE(SUBSTITUTE($E67,";","；"),"；",REPT(" ",100)),1,100)),"") | G67: =IF(ISNUMBER(SEARCH("；",SUBSTITUTE($E67,";","；"))),TRIM(MID(SUBSTITUTE(SUBSTITUTE($E67,";","；"),"；",REPT(" ",100)),101,100)),"") | H67: =IF(ISNUMBER(SEARCH("；",SUBSTITUTE($E67,";","；"))),TRIM(MID(SUBSTITUTE(SUBSTITUTE($E67,";","；"),"；",REPT(" ",100)),201,100)),"") | I67: =IF(ISNUMBER(SEARCH("；",SUBSTITUTE($E67,";","；"))),TRIM(MID(SUBSTITUTE(SUBSTITUTE($E67,";","；"),"；",REPT(" ",100)),301,100)),"") | J67: =IF(ISNUMBER(SEARCH("；",SUBSTITUTE($E67,";","；"))),TRIM(MID(SUBSTITUTE(SUBSTITUTE($E67,";","；"),"；",REPT(" ",100)),401,100)),"") | K67: =IF(ISNUMBER(SEARCH("；",SUBSTITUTE($E67,";","；"))),TRIM(MID(SUBSTITUTE(SUBSTITUTE($E67,";","；"),"；",REPT(" ",100)),501,100)),"") | L67: =IF(ISNUMBER(SEARCH("；",SUBSTITUTE($E67,";","；"))),TRIM(MID(SUBSTITUTE(SUBSTITUTE($E67,";","；"),"；",REPT(" ",100)),601,100)),"") | M67: =IF(ISNUMBER(SEARCH("；",SUBSTITUTE($E67,";","；"))),TRIM(MID(SUBSTITUTE(SUBSTITUTE($E67,";","；"),"；",REPT(" ",100)),701,100)),"") | N67: =IF(ISNUMBER(SEARCH("；",SUBSTITUTE($E67,";","；"))),TRIM(MID(SUBSTITUTE(SUBSTITUTE($E67,";","；"),"；",REPT(" ",100)),801,100)),"") | O67: =IF(ISNUMBER(SEARCH("；",SUBSTITUTE($E67,";","；"))),TRIM(MID(SUBSTITUTE(SUBSTITUTE($E67,";","；"),"；",REPT(" ",100)),901,100)),"") | P67: =IF(AND(配置数据库!#REF!="售前填写",INDEX(配置数据库!#REF!,1,MATCH($B$3,配置数据库!$G$8:$AG$8,0))<>""),SUMPRODUCT((配置数据库!$C$10:$C99="售前填写")*(INDEX(配置数据库!$G$10:$AG99,0,MATCH($B$3,配置数据库!$G$8:$AG$8,0))<>"")),"") -> #REF! | Q67: =IF(AND(配置数据库!#REF!="默认配置",INDEX(配置数据库!#REF!,1,MATCH($B$3,配置数据库!$G$8:$AG$8,0))<>""),SUMPRODUCT((配置数据库!$C$10:$C99="默认配置")*(INDEX(配置数据库!$G$10:$AG99,0,MATCH($B$3,配置数据库!$G$8:$AG$8,0))<>"")),"") -> #REF!
A68: =IFERROR(INDEX(配置数据库!$A:$A,MATCH(26,$Q:$Q,0)),"") -> 工控 | B68: =IF($A68="","",IFERROR(LEFT(SUBSTITUTE(IFERROR(INDEX(配置数据库!$G:$AG,MATCH(26,$Q:$Q,0),MATCH($B$3,配置数据库!$G$8:$AG$8,0)),""),";","；"),FIND("；",SUBSTITUTE(IFERROR(INDEX(配置数据库!$G:$AG,MATCH(26,$Q:$Q,0),MATCH($B$3,配置数据库!$G$8:$AG$8,0)),""),";","；"))-1),IFERROR(INDEX(配置数据库!$G:$AG,MATCH(26,$Q:$Q,0),MATCH($B$3,配置数据库!$G$8:$AG$8,0)),""))) -> 40051410014 自研三代（wifi 模块外置） | C68: =IF($A68="","","自动带出") -> 自动带出 | D68: =IF($A68="","",IFERROR(INDEX(配置数据库!$B:$B,MATCH(26,$Q:$Q,0)),"")) | E68: =IF($A68="","",IFERROR(INDEX(配置数据库!$G:$AG,MATCH($A68,配置数据库!$A:$A,0),MATCH($B$3,配置数据库!$G$8:$AG$8,0)),"")) -> 40051410014 自研三代（wifi 模块外置） | F68: =IF(ISNUMBER(SEARCH("；",SUBSTITUTE($E68,";","；"))),TRIM(MID(SUBSTITUTE(SUBSTITUTE($E68,";","；"),"；",REPT(" ",100)),1,100)),"") | G68: =IF(ISNUMBER(SEARCH("；",SUBSTITUTE($E68,";","；"))),TRIM(MID(SUBSTITUTE(SUBSTITUTE($E68,";","；"),"；",REPT(" ",100)),101,100)),"") | H68: =IF(ISNUMBER(SEARCH("；",SUBSTITUTE($E68,";","；"))),TRIM(MID(SUBSTITUTE(SUBSTITUTE($E68,";","；"),"；",REPT(" ",100)),201,100)),"") | I68: =IF(ISNUMBER(SEARCH("；",SUBSTITUTE($E68,";","；"))),TRIM(MID(SUBSTITUTE(SUBSTITUTE($E68,";","；"),"；",REPT(" ",100)),301,100)),"") | J68: =IF(ISNUMBER(SEARCH("；",SUBSTITUTE($E68,";","；"))),TRIM(MID(SUBSTITUTE(SUBSTITUTE($E68,";","；"),"；",REPT(" ",100)),401,100)),"") | K68: =IF(ISNUMBER(SEARCH("；",SUBSTITUTE($E68,";","；"))),TRIM(MID(SUBSTITUTE(SUBSTITUTE($E68,";","；"),"；",REPT(" ",100)),501,100)),"") | L68: =IF(ISNUMBER(SEARCH("；",SUBSTITUTE($E68,";","；"))),TRIM(MID(SUBSTITUTE(SUBSTITUTE($E68,";","；"),"；",REPT(" ",100)),601,100)),"") | M68: =IF(ISNUMBER(SEARCH("；",SUBSTITUTE($E68,";","；"))),TRIM(MID(SUBSTITUTE(SUBSTITUTE($E68,";","；"),"；",REPT(" ",100)),701,100)),"") | N68: =IF(ISNUMBER(SEARCH("；",SUBSTITUTE($E68,";","；"))),TRIM(MID(SUBSTITUTE(SUBSTITUTE($E68,";","；"),"；",REPT(" ",100)),801,100)),"") | O68: =IF(ISNUMBER(SEARCH("；",SUBSTITUTE($E68,";","；"))),TRIM(MID(SUBSTITUTE(SUBSTITUTE($E68,";","；"),"；",REPT(" ",100)),901,100)),"") | P68: =IF(AND(配置数据库!$C14="售前填写",INDEX(配置数据库!$G14:$AG14,1,MATCH($B$3,配置数据库!$G$8:$AG$8,0))<>""),SUMPRODUCT((配置数据库!$C$10:$C99="售前填写")*(INDEX(配置数据库!$G$10:$AG99,0,MATCH($B$3,配置数据库!$G$8:$AG$8,0))<>"")),"") | Q68: =IF(AND(配置数据库!$C14="默认配置",INDEX(配置数据库!$G14:$AG14,1,MATCH($B$3,配置数据库!$G$8:$AG$8,0))<>""),SUMPRODUCT((配置数据库!$C$10:$C99="默认配置")*(INDEX(配置数据库!$G$10:$AG99,0,MATCH($B$3,配置数据库!$G$8:$AG$8,0))<>"")),"")
A69: =IFERROR(INDEX(配置数据库!$A:$A,MATCH(27,$Q:$Q,0)),"") -> 电机 | B69: =IF($A69="","",IFERROR(LEFT(SUBSTITUTE(IFERROR(INDEX(配置数据库!$G:$AG,MATCH(27,$Q:$Q,0),MATCH($B$3,配置数据库!$G$8:$AG$8,0)),""),";","；"),FIND("；",SUBSTITUTE(IFERROR(INDEX(配置数据库!$G:$AG,MATCH(27,$Q:$Q,0),MATCH($B$3,配置数据库!$G$8:$AG$8,0)),""),";","；"))-1),IFERROR(INDEX(配置数据库!$G:$AG,MATCH(27,$Q:$Q,0),MATCH($B$3,配置数据库!$G$8:$AG$8,0)),""))) -> 瑞博特 | C69: =IF($A69="","","自动带出") -> 自动带出 | D69: =IF($A69="","",IFERROR(INDEX(配置数据库!$B:$B,MATCH(27,$Q:$Q,0)),"")) | E69: =IF($A69="","",IFERROR(INDEX(配置数据库!$G:$AG,MATCH($A69,配置数据库!$A:$A,0),MATCH($B$3,配置数据库!$G$8:$AG$8,0)),"")) -> 瑞博特 | F69: =IF(ISNUMBER(SEARCH("；",SUBSTITUTE($E69,";","；"))),TRIM(MID(SUBSTITUTE(SUBSTITUTE($E69,";","；"),"；",REPT(" ",100)),1,100)),"") | G69: =IF(ISNUMBER(SEARCH("；",SUBSTITUTE($E69,";","；"))),TRIM(MID(SUBSTITUTE(SUBSTITUTE($E69,";","；"),"；",REPT(" ",100)),101,100)),"") | H69: =IF(ISNUMBER(SEARCH("；",SUBSTITUTE($E69,";","；"))),TRIM(MID(SUBSTITUTE(SUBSTITUTE($E69,";","；"),"；",REPT(" ",100)),201,100)),"") | I69: =IF(ISNUMBER(SEARCH("；",SUBSTITUTE($E69,";","；"))),TRIM(MID(SUBSTITUTE(SUBSTITUTE($E69,";","；"),"；",REPT(" ",100)),301,100)),"") | J69: =IF(ISNUMBER(SEARCH("；",SUBSTITUTE($E69,";","；"))),TRIM(MID(SUBSTITUTE(SUBSTITUTE($E69,";","；"),"；",REPT(" ",100)),401,100)),"") | K69: =IF(ISNUMBER(SEARCH("；",SUBSTITUTE($E69,";","；"))),TRIM(MID(SUBSTITUTE(SUBSTITUTE($E69,";","；"),"；",REPT(" ",100)),501,100)),"") | L69: =IF(ISNUMBER(SEARCH("；",SUBSTITUTE($E69,";","；"))),TRIM(MID(SUBSTITUTE(SUBSTITUTE($E69,";","；"),"；",REPT(" ",100)),601,100)),"") | M69: =IF(ISNUMBER(SEARCH("；",SUBSTITUTE($E69,";","；"))),TRIM(MID(SUBSTITUTE(SUBSTITUTE($E69,";","；"),"；",REPT(" ",100)),701,100)),"") | N69: =IF(ISNUMBER(SEARCH("；",SUBSTITUTE($E69,";","；"))),TRIM(MID(SUBSTITUTE(SUBSTITUTE($E69,";","；"),"；",REPT(" ",100)),801,100)),"") | O69: =IF(ISNUMBER(SEARCH("；",SUBSTITUTE($E69,";","；"))),TRIM(MID(SUBSTITUTE(SUBSTITUTE($E69,";","；"),"；",REPT(" ",100)),901,100)),"") | P69: =IF(AND(配置数据库!#REF!="售前填写",INDEX(配置数据库!#REF!,1,MATCH($B$3,配置数据库!$G$8:$AG$8,0))<>""),SUMPRODUCT((配置数据库!$C$10:$C99="售前填写")*(INDEX(配置数据库!$G$10:$AG99,0,MATCH($B$3,配置数据库!$G$8:$AG$8,0))<>"")),"") -> #REF! | Q69: =IF(AND(配置数据库!#REF!="默认配置",INDEX(配置数据库!#REF!,1,MATCH($B$3,配置数据库!$G$8:$AG$8,0))<>""),SUMPRODUCT((配置数据库!$C$10:$C99="默认配置")*(INDEX(配置数据库!$G$10:$AG99,0,MATCH($B$3,配置数据库!$G$8:$AG$8,0))<>"")),"") -> #REF!
A70: =IFERROR(INDEX(配置数据库!$A:$A,MATCH(28,$Q:$Q,0)),"") -> 驱动器 | B70: =IF($A70="","",IFERROR(LEFT(SUBSTITUTE(IFERROR(INDEX(配置数据库!$G:$AG,MATCH(28,$Q:$Q,0),MATCH($B$3,配置数据库!$G$8:$AG$8,0)),""),";","；"),FIND("；",SUBSTITUTE(IFERROR(INDEX(配置数据库!$G:$AG,MATCH(28,$Q:$Q,0),MATCH($B$3,配置数据库!$G$8:$AG$8,0)),""),";","；"))-1),IFERROR(INDEX(配置数据库!$G:$AG,MATCH(28,$Q:$Q,0),MATCH($B$3,配置数据库!$G$8:$AG$8,0)),""))) -> 瑞博特 | C70: =IF($A70="","","自动带出") -> 自动带出 | D70: =IF($A70="","",IFERROR(INDEX(配置数据库!$B:$B,MATCH(28,$Q:$Q,0)),"")) | E70: =IF($A70="","",IFERROR(INDEX(配置数据库!$G:$AG,MATCH($A70,配置数据库!$A:$A,0),MATCH($B$3,配置数据库!$G$8:$AG$8,0)),"")) -> 瑞博特 | F70: =IF(ISNUMBER(SEARCH("；",SUBSTITUTE($E70,";","；"))),TRIM(MID(SUBSTITUTE(SUBSTITUTE($E70,";","；"),"；",REPT(" ",100)),1,100)),"") | G70: =IF(ISNUMBER(SEARCH("；",SUBSTITUTE($E70,";","；"))),TRIM(MID(SUBSTITUTE(SUBSTITUTE($E70,";","；"),"；",REPT(" ",100)),101,100)),"") | H70: =IF(ISNUMBER(SEARCH("；",SUBSTITUTE($E70,";","；"))),TRIM(MID(SUBSTITUTE(SUBSTITUTE($E70,";","；"),"；",REPT(" ",100)),201,100)),"") | I70: =IF(ISNUMBER(SEARCH("；",SUBSTITUTE($E70,";","；"))),TRIM(MID(SUBSTITUTE(SUBSTITUTE($E70,";","；"),"；",REPT(" ",100)),301,100)),"") | J70: =IF(ISNUMBER(SEARCH("；",SUBSTITUTE($E70,";","；"))),TRIM(MID(SUBSTITUTE(SUBSTITUTE($E70,";","；"),"；",REPT(" ",100)),401,100)),"") | K70: =IF(ISNUMBER(SEARCH("；",SUBSTITUTE($E70,";","；"))),TRIM(MID(SUBSTITUTE(SUBSTITUTE($E70,";","；"),"；",REPT(" ",100)),501,100)),"") | L70: =IF(ISNUMBER(SEARCH("；",SUBSTITUTE($E70,";","；"))),TRIM(MID(SUBSTITUTE(SUBSTITUTE($E70,";","；"),"；",REPT(" ",100)),601,100)),"") | M70: =IF(ISNUMBER(SEARCH("；",SUBSTITUTE($E70,";","；"))),TRIM(MID(SUBSTITUTE(SUBSTITUTE($E70,";","；"),"；",REPT(" ",100)),701,100)),"") | N70: =IF(ISNUMBER(SEARCH("；",SUBSTITUTE($E70,";","；"))),TRIM(MID(SUBSTITUTE(SUBSTITUTE($E70,";","；"),"；",REPT(" ",100)),801,100)),"") | O70: =IF(ISNUMBER(SEARCH("；",SUBSTITUTE($E70,";","；"))),TRIM(MID(SUBSTITUTE(SUBSTITUTE($E70,";","；"),"；",REPT(" ",100)),901,100)),"") | P70: =IF(AND(配置数据库!#REF!="售前填写",INDEX(配置数据库!#REF!,1,MATCH($B$3,配置数据库!$G$8:$AG$8,0))<>""),SUMPRODUCT((配置数据库!$C$10:$C99="售前填写")*(INDEX(配置数据库!$G$10:$AG99,0,MATCH($B$3,配置数据库!$G$8:$AG$8,0))<>"")),"") -> #REF! | Q70: =IF(AND(配置数据库!#REF!="默认配置",INDEX(配置数据库!#REF!,1,MATCH($B$3,配置数据库!$G$8:$AG$8,0))<>""),SUMPRODUCT((配置数据库!$C$10:$C99="默认配置")*(INDEX(配置数据库!$G$10:$AG99,0,MATCH($B$3,配置数据库!$G$8:$AG$8,0))<>"")),"") -> #REF!
A71: =IFERROR(INDEX(配置数据库!$A:$A,MATCH(29,$Q:$Q,0)),"") -> 电池 | B71: =IF($A71="","",IFERROR(LEFT(SUBSTITUTE(IFERROR(INDEX(配置数据库!$G:$AG,MATCH(29,$Q:$Q,0),MATCH($B$3,配置数据库!$G$8:$AG$8,0)),""),";","；"),FIND("；",SUBSTITUTE(IFERROR(INDEX(配置数据库!$G:$AG,MATCH(29,$Q:$Q,0),MATCH($B$3,配置数据库!$G$8:$AG$8,0)),""),";","；"))-1),IFERROR(INDEX(配置数据库!$G:$AG,MATCH(29,$Q:$Q,0),MATCH($B$3,配置数据库!$G$8:$AG$8,0)),""))) -> 40051210007 电池 24210-200200 国轩GXFB-24210-100200-A0-CE | C71: =IF($A71="","","自动带出") -> 自动带出 | D71: =IF($A71="","",IFERROR(INDEX(配置数据库!$B:$B,MATCH(29,$Q:$Q,0)),"")) | E71: =IF($A71="","",IFERROR(INDEX(配置数据库!$G:$AG,MATCH($A71,配置数据库!$A:$A,0),MATCH($B$3,配置数据库!$G$8:$AG$8,0)),"")) -> 40051210007 电池 24210-200200 国轩GXFB-24210-100200-A0-CE | F71: =IF(ISNUMBER(SEARCH("；",SUBSTITUTE($E71,";","；"))),TRIM(MID(SUBSTITUTE(SUBSTITUTE($E71,";","；"),"；",REPT(" ",100)),1,100)),"") | G71: =IF(ISNUMBER(SEARCH("；",SUBSTITUTE($E71,";","；"))),TRIM(MID(SUBSTITUTE(SUBSTITUTE($E71,";","；"),"；",REPT(" ",100)),101,100)),"") | H71: =IF(ISNUMBER(SEARCH("；",SUBSTITUTE($E71,";","；"))),TRIM(MID(SUBSTITUTE(SUBSTITUTE($E71,";","；"),"；",REPT(" ",100)),201,100)),"") | I71: =IF(ISNUMBER(SEARCH("；",SUBSTITUTE($E71,";","；"))),TRIM(MID(SUBSTITUTE(SUBSTITUTE($E71,";","；"),"；",REPT(" ",100)),301,100)),"") | J71: =IF(ISNUMBER(SEARCH("；",SUBSTITUTE($E71,";","；"))),TRIM(MID(SUBSTITUTE(SUBSTITUTE($E71,";","；"),"；",REPT(" ",100)),401,100)),"") | K71: =IF(ISNUMBER(SEARCH("；",SUBSTITUTE($E71,";","；"))),TRIM(MID(SUBSTITUTE(SUBSTITUTE($E71,";","；"),"；",REPT(" ",100)),501,100)),"") | L71: =IF(ISNUMBER(SEARCH("；",SUBSTITUTE($E71,";","；"))),TRIM(MID(SUBSTITUTE(SUBSTITUTE($E71,";","；"),"；",REPT(" ",100)),601,100)),"") | M71: =IF(ISNUMBER(SEARCH("；",SUBSTITUTE($E71,";","；"))),TRIM(MID(SUBSTITUTE(SUBSTITUTE($E71,";","；"),"；",REPT(" ",100)),701,100)),"") | N71: =IF(ISNUMBER(SEARCH("；",SUBSTITUTE($E71,";","；"))),TRIM(MID(SUBSTITUTE(SUBSTITUTE($E71,";","；"),"；",REPT(" ",100)),801,100)),"") | O71: =IF(ISNUMBER(SEARCH("；",SUBSTITUTE($E71,";","；"))),TRIM(MID(SUBSTITUTE(SUBSTITUTE($E71,";","；"),"；",REPT(" ",100)),901,100)),"") | P71: =IF(AND(配置数据库!#REF!="售前填写",INDEX(配置数据库!#REF!,1,MATCH($B$3,配置数据库!$G$8:$AG$8,0))<>""),SUMPRODUCT((配置数据库!$C$10:$C99="售前填写")*(INDEX(配置数据库!$G$10:$AG99,0,MATCH($B$3,配置数据库!$G$8:$AG$8,0))<>"")),"") -> #REF! | Q71: =IF(AND(配置数据库!#REF!="默认配置",INDEX(配置数据库!#REF!,1,MATCH($B$3,配置数据库!$G$8:$AG$8,0))<>""),SUMPRODUCT((配置数据库!$C$10:$C99="默认配置")*(INDEX(配置数据库!$G$10:$AG99,0,MATCH($B$3,配置数据库!$G$8:$AG$8,0))<>"")),"") -> #REF!
A72: =IFERROR(INDEX(配置数据库!$A:$A,MATCH(30,$Q:$Q,0)),"") -> RGBD相机 | B72: =IF($A72="","",IFERROR(LEFT(SUBSTITUTE(IFERROR(INDEX(配置数据库!$G:$AG,MATCH(30,$Q:$Q,0),MATCH($B$3,配置数据库!$G$8:$AG$8,0)),""),";","；"),FIND("；",SUBSTITUTE(IFERROR(INDEX(配置数据库!$G:$AG,MATCH(30,$Q:$Q,0),MATCH($B$3,配置数据库!$G$8:$AG$8,0)),""),";","；"))-1),IFERROR(INDEX(配置数据库!$G:$AG,MATCH(30,$Q:$Q,0),MATCH($B$3,配置数据库!$G$8:$AG$8,0)),""))) | C72: =IF($A72="","","自动带出") -> 自动带出 | D72: =IF($A72="","",IFERROR(INDEX(配置数据库!$B:$B,MATCH(30,$Q:$Q,0)),"")) | E72: =IF($A72="","",IFERROR(INDEX(配置数据库!$G:$AG,MATCH($A72,配置数据库!$A:$A,0),MATCH($B$3,配置数据库!$G$8:$AG$8,0)),"")) | F72: =IF(ISNUMBER(SEARCH("；",SUBSTITUTE($E72,";","；"))),TRIM(MID(SUBSTITUTE(SUBSTITUTE($E72,";","；"),"；",REPT(" ",100)),1,100)),"") | G72: =IF(ISNUMBER(SEARCH("；",SUBSTITUTE($E72,";","；"))),TRIM(MID(SUBSTITUTE(SUBSTITUTE($E72,";","；"),"；",REPT(" ",100)),101,100)),"") | H72: =IF(ISNUMBER(SEARCH("；",SUBSTITUTE($E72,";","；"))),TRIM(MID(SUBSTITUTE(SUBSTITUTE($E72,";","；"),"；",REPT(" ",100)),201,100)),"") | I72: =IF(ISNUMBER(SEARCH("；",SUBSTITUTE($E72,";","；"))),TRIM(MID(SUBSTITUTE(SUBSTITUTE($E72,";","；"),"；",REPT(" ",100)),301,100)),"") | J72: =IF(ISNUMBER(SEARCH("；",SUBSTITUTE($E72,";","；"))),TRIM(MID(SUBSTITUTE(SUBSTITUTE($E72,";","；"),"；",REPT(" ",100)),401,100)),"") | K72: =IF(ISNUMBER(SEARCH("；",SUBSTITUTE($E72,";","；"))),TRIM(MID(SUBSTITUTE(SUBSTITUTE($E72,";","；"),"；",REPT(" ",100)),501,100)),"") | L72: =IF(ISNUMBER(SEARCH("；",SUBSTITUTE($E72,";","；"))),TRIM(MID(SUBSTITUTE(SUBSTITUTE($E72,";","；"),"；",REPT(" ",100)),601,100)),"") | M72: =IF(ISNUMBER(SEARCH("；",SUBSTITUTE($E72,";","；"))),TRIM(MID(SUBSTITUTE(SUBSTITUTE($E72,";","；"),"；",REPT(" ",100)),701,100)),"") | N72: =IF(ISNUMBER(SEARCH("；",SUBSTITUTE($E72,";","；"))),TRIM(MID(SUBSTITUTE(SUBSTITUTE($E72,";","；"),"；",REPT(" ",100)),801,100)),"") | O72: =IF(ISNUMBER(SEARCH("；",SUBSTITUTE($E72,";","；"))),TRIM(MID(SUBSTITUTE(SUBSTITUTE($E72,";","；"),"；",REPT(" ",100)),901,100)),"") | P72: =IF(AND(配置数据库!#REF!="售前填写",INDEX(配置数据库!#REF!,1,MATCH($B$3,配置数据库!$G$8:$AG$8,0))<>""),SUMPRODUCT((配置数据库!$C$10:$C99="售前填写")*(INDEX(配置数据库!$G$10:$AG99,0,MATCH($B$3,配置数据库!$G$8:$AG$8,0))<>"")),"") -> #REF! | Q72: =IF(AND(配置数据库!#REF!="默认配置",INDEX(配置数据库!#REF!,1,MATCH($B$3,配置数据库!$G$8:$AG$8,0))<>""),SUMPRODUCT((配置数据库!$C$10:$C99="默认配置")*(INDEX(配置数据库!$G$10:$AG99,0,MATCH($B$3,配置数据库!$G$8:$AG$8,0))<>"")),"") -> #REF!
A73: =IFERROR(INDEX(配置数据库!$A:$A,MATCH(31,$Q:$Q,0)),"") -> 无线 | B73: =IF($A73="","",IFERROR(LEFT(SUBSTITUTE(IFERROR(INDEX(配置数据库!$G:$AG,MATCH(31,$Q:$Q,0),MATCH($B$3,配置数据库!$G$8:$AG$8,0)),""),";","；"),FIND("；",SUBSTITUTE(IFERROR(INDEX(配置数据库!$G:$AG,MATCH(31,$Q:$Q,0),MATCH($B$3,配置数据库!$G$8:$AG$8,0)),""),";","；"))-1),IFERROR(INDEX(配置数据库!$G:$AG,MATCH(31,$Q:$Q,0),MATCH($B$3,配置数据库!$G$8:$AG$8,0)),""))) -> wifi6 | C73: =IF($A73="","","自动带出") -> 自动带出 | D73: =IF($A73="","",IFERROR(INDEX(配置数据库!$B:$B,MATCH(31,$Q:$Q,0)),"")) | E73: =IF($A73="","",IFERROR(INDEX(配置数据库!$G:$AG,MATCH($A73,配置数据库!$A:$A,0),MATCH($B$3,配置数据库!$G$8:$AG$8,0)),"")) -> wifi6 | F73: =IF(ISNUMBER(SEARCH("；",SUBSTITUTE($E73,";","；"))),TRIM(MID(SUBSTITUTE(SUBSTITUTE($E73,";","；"),"；",REPT(" ",100)),1,100)),"") | G73: =IF(ISNUMBER(SEARCH("；",SUBSTITUTE($E73,";","；"))),TRIM(MID(SUBSTITUTE(SUBSTITUTE($E73,";","；"),"；",REPT(" ",100)),101,100)),"") | H73: =IF(ISNUMBER(SEARCH("；",SUBSTITUTE($E73,";","；"))),TRIM(MID(SUBSTITUTE(SUBSTITUTE($E73,";","；"),"；",REPT(" ",100)),201,100)),"") | I73: =IF(ISNUMBER(SEARCH("；",SUBSTITUTE($E73,";","；"))),TRIM(MID(SUBSTITUTE(SUBSTITUTE($E73,";","；"),"；",REPT(" ",100)),301,100)),"") | J73: =IF(ISNUMBER(SEARCH("；",SUBSTITUTE($E73,";","；"))),TRIM(MID(SUBSTITUTE(SUBSTITUTE($E73,";","；"),"；",REPT(" ",100)),401,100)),"") | K73: =IF(ISNUMBER(SEARCH("；",SUBSTITUTE($E73,";","；"))),TRIM(MID(SUBSTITUTE(SUBSTITUTE($E73,";","；"),"；",REPT(" ",100)),501,100)),"") | L73: =IF(ISNUMBER(SEARCH("；",SUBSTITUTE($E73,";","；"))),TRIM(MID(SUBSTITUTE(SUBSTITUTE($E73,";","；"),"；",REPT(" ",100)),601,100)),"") | M73: =IF(ISNUMBER(SEARCH("；",SUBSTITUTE($E73,";","；"))),TRIM(MID(SUBSTITUTE(SUBSTITUTE($E73,";","；"),"；",REPT(" ",100)),701,100)),"") | N73: =IF(ISNUMBER(SEARCH("；",SUBSTITUTE($E73,";","；"))),TRIM(MID(SUBSTITUTE(SUBSTITUTE($E73,";","；"),"；",REPT(" ",100)),801,100)),"") | O73: =IF(ISNUMBER(SEARCH("；",SUBSTITUTE($E73,";","；"))),TRIM(MID(SUBSTITUTE(SUBSTITUTE($E73,";","；"),"；",REPT(" ",100)),901,100)),"") | P73: =IF(AND(配置数据库!$C101="售前填写",INDEX(配置数据库!$G101:$AG101,1,MATCH($B$3,配置数据库!$G$8:$AG$8,0))<>""),SUMPRODUCT((配置数据库!$C$10:$C101="售前填写")*(INDEX(配置数据库!$G$10:$AG101,0,MATCH($B$3,配置数据库!$G$8:$AG$8,0))<>"")),"") | Q73: =IF(AND(配置数据库!$C101="默认配置",INDEX(配置数据库!$G101:$AG101,1,MATCH($B$3,配置数据库!$G$8:$AG$8,0))<>""),SUMPRODUCT((配置数据库!$C$10:$C101="默认配置")*(INDEX(配置数据库!$G$10:$AG101,0,MATCH($B$3,配置数据库!$G$8:$AG$8,0))<>"")),"") -> 33
A74: =IFERROR(INDEX(配置数据库!$A:$A,MATCH(32,$Q:$Q,0)),"") | B74: =IF($A74="","",IFERROR(LEFT(SUBSTITUTE(IFERROR(INDEX(配置数据库!$G:$AG,MATCH(32,$Q:$Q,0),MATCH($B$3,配置数据库!$G$8:$AG$8,0)),""),";","；"),FIND("；",SUBSTITUTE(IFERROR(INDEX(配置数据库!$G:$AG,MATCH(32,$Q:$Q,0),MATCH($B$3,配置数据库!$G$8:$AG$8,0)),""),";","；"))-1),IFERROR(INDEX(配置数据库!$G:$AG,MATCH(32,$Q:$Q,0),MATCH($B$3,配置数据库!$G$8:$AG$8,0)),""))) | C74: =IF($A74="","","自动带出") | D74: =IF($A74="","",IFERROR(INDEX(配置数据库!$B:$B,MATCH(32,$Q:$Q,0)),"")) | E74: =IF($A74="","",IFERROR(INDEX(配置数据库!$G:$AG,MATCH($A74,配置数据库!$A:$A,0),MATCH($B$3,配置数据库!$G$8:$AG$8,0)),"")) | F74: =IF(ISNUMBER(SEARCH("；",SUBSTITUTE($E74,";","；"))),TRIM(MID(SUBSTITUTE(SUBSTITUTE($E74,";","；"),"；",REPT(" ",100)),1,100)),"") | G74: =IF(ISNUMBER(SEARCH("；",SUBSTITUTE($E74,";","；"))),TRIM(MID(SUBSTITUTE(SUBSTITUTE($E74,";","；"),"；",REPT(" ",100)),101,100)),"") | H74: =IF(ISNUMBER(SEARCH("；",SUBSTITUTE($E74,";","；"))),TRIM(MID(SUBSTITUTE(SUBSTITUTE($E74,";","；"),"；",REPT(" ",100)),201,100)),"") | I74: =IF(ISNUMBER(SEARCH("；",SUBSTITUTE($E74,";","；"))),TRIM(MID(SUBSTITUTE(SUBSTITUTE($E74,";","；"),"；",REPT(" ",100)),301,100)),"") | J74: =IF(ISNUMBER(SEARCH("；",SUBSTITUTE($E74,";","；"))),TRIM(MID(SUBSTITUTE(SUBSTITUTE($E74,";","；"),"；",REPT(" ",100)),401,100)),"") | K74: =IF(ISNUMBER(SEARCH("；",SUBSTITUTE($E74,";","；"))),TRIM(MID(SUBSTITUTE(SUBSTITUTE($E74,";","；"),"；",REPT(" ",100)),501,100)),"") | L74: =IF(ISNUMBER(SEARCH("；",SUBSTITUTE($E74,";","；"))),TRIM(MID(SUBSTITUTE(SUBSTITUTE($E74,";","；"),"；",REPT(" ",100)),601,100)),"") | M74: =IF(ISNUMBER(SEARCH("；",SUBSTITUTE($E74,";","；"))),TRIM(MID(SUBSTITUTE(SUBSTITUTE($E74,";","；"),"；",REPT(" ",100)),701,100)),"") | N74: =IF(ISNUMBER(SEARCH("；",SUBSTITUTE($E74,";","；"))),TRIM(MID(SUBSTITUTE(SUBSTITUTE($E74,";","；"),"；",REPT(" ",100)),801,100)),"") | O74: =IF(ISNUMBER(SEARCH("；",SUBSTITUTE($E74,";","；"))),TRIM(MID(SUBSTITUTE(SUBSTITUTE($E74,";","；"),"；",REPT(" ",100)),901,100)),"") | P74: =IF(AND(配置数据库!$C102="售前填写",INDEX(配置数据库!$G102:$AG102,1,MATCH($B$3,配置数据库!$G$8:$AG$8,0))<>""),SUMPRODUCT((配置数据库!$C$10:$C102="售前填写")*(INDEX(配置数据库!$G$10:$AG102,0,MATCH($B$3,配置数据库!$G$8:$AG$8,0))<>"")),"") | Q74: =IF(AND(配置数据库!$C102="默认配置",INDEX(配置数据库!$G102:$AG102,1,MATCH($B$3,配置数据库!$G$8:$AG$8,0))<>""),SUMPRODUCT((配置数据库!$C$10:$C102="默认配置")*(INDEX(配置数据库!$G$10:$AG102,0,MATCH($B$3,配置数据库!$G$8:$AG$8,0))<>"")),"") -> 34
A75: =IFERROR(INDEX(配置数据库!$A:$A,MATCH(33,$Q:$Q,0)),"") -> 左后雷达 | B75: =IF($A75="","",IFERROR(LEFT(SUBSTITUTE(IFERROR(INDEX(配置数据库!$G:$AG,MATCH(33,$Q:$Q,0),MATCH($B$3,配置数据库!$G$8:$AG$8,0)),""),";","；"),FIND("；",SUBSTITUTE(IFERROR(INDEX(配置数据库!$G:$AG,MATCH(33,$Q:$Q,0),MATCH($B$3,配置数据库!$G$8:$AG$8,0)),""),";","；"))-1),IFERROR(INDEX(配置数据库!$G:$AG,MATCH(33,$Q:$Q,0),MATCH($B$3,配置数据库!$G$8:$AG$8,0)),""))) -> X | C75: =IF($A75="","","自动带出") -> 自动带出 | D75: =IF($A75="","",IFERROR(INDEX(配置数据库!$B:$B,MATCH(33,$Q:$Q,0)),"")) | E75: =IF($A75="","",IFERROR(INDEX(配置数据库!$G:$AG,MATCH($A75,配置数据库!$A:$A,0),MATCH($B$3,配置数据库!$G$8:$AG$8,0)),"")) -> X | F75: =IF(ISNUMBER(SEARCH("；",SUBSTITUTE($E75,";","；"))),TRIM(MID(SUBSTITUTE(SUBSTITUTE($E75,";","；"),"；",REPT(" ",100)),1,100)),"") | G75: =IF(ISNUMBER(SEARCH("；",SUBSTITUTE($E75,";","；"))),TRIM(MID(SUBSTITUTE(SUBSTITUTE($E75,";","；"),"；",REPT(" ",100)),101,100)),"") | H75: =IF(ISNUMBER(SEARCH("；",SUBSTITUTE($E75,";","；"))),TRIM(MID(SUBSTITUTE(SUBSTITUTE($E75,";","；"),"；",REPT(" ",100)),201,100)),"") | I75: =IF(ISNUMBER(SEARCH("；",SUBSTITUTE($E75,";","；"))),TRIM(MID(SUBSTITUTE(SUBSTITUTE($E75,";","；"),"；",REPT(" ",100)),301,100)),"") | J75: =IF(ISNUMBER(SEARCH("；",SUBSTITUTE($E75,";","；"))),TRIM(MID(SUBSTITUTE(SUBSTITUTE($E75,";","；"),"；",REPT(" ",100)),401,100)),"") | K75: =IF(ISNUMBER(SEARCH("；",SUBSTITUTE($E75,";","；"))),TRIM(MID(SUBSTITUTE(SUBSTITUTE($E75,";","；"),"；",REPT(" ",100)),501,100)),"") | L75: =IF(ISNUMBER(SEARCH("；",SUBSTITUTE($E75,";","；"))),TRIM(MID(SUBSTITUTE(SUBSTITUTE($E75,";","；"),"；",REPT(" ",100)),601,100)),"") | M75: =IF(ISNUMBER(SEARCH("；",SUBSTITUTE($E75,";","；"))),TRIM(MID(SUBSTITUTE(SUBSTITUTE($E75,";","；"),"；",REPT(" ",100)),701,100)),"") | N75: =IF(ISNUMBER(SEARCH("；",SUBSTITUTE($E75,";","；"))),TRIM(MID(SUBSTITUTE(SUBSTITUTE($E75,";","；"),"；",REPT(" ",100)),801,100)),"") | O75: =IF(ISNUMBER(SEARCH("；",SUBSTITUTE($E75,";","；"))),TRIM(MID(SUBSTITUTE(SUBSTITUTE($E75,";","；"),"；",REPT(" ",100)),901,100)),"") | P75: =IF(AND(配置数据库!$C103="售前填写",INDEX(配置数据库!$G103:$AG103,1,MATCH($B$3,配置数据库!$G$8:$AG$8,0))<>""),SUMPRODUCT((配置数据库!$C$10:$C103="售前填写")*(INDEX(配置数据库!$G$10:$AG103,0,MATCH($B$3,配置数据库!$G$8:$AG$8,0))<>"")),"") | Q75: =IF(AND(配置数据库!$C103="默认配置",INDEX(配置数据库!$G103:$AG103,1,MATCH($B$3,配置数据库!$G$8:$AG$8,0))<>""),SUMPRODUCT((配置数据库!$C$10:$C103="默认配置")*(INDEX(配置数据库!$G$10:$AG103,0,MATCH($B$3,配置数据库!$G$8:$AG$8,0))<>"")),"") -> 35
A76: =IFERROR(INDEX(配置数据库!$A:$A,MATCH(34,$Q:$Q,0)),"") -> 右后雷达 | B76: =IF($A76="","",IFERROR(LEFT(SUBSTITUTE(IFERROR(INDEX(配置数据库!$G:$AG,MATCH(34,$Q:$Q,0),MATCH($B$3,配置数据库!$G$8:$AG$8,0)),""),";","；"),FIND("；",SUBSTITUTE(IFERROR(INDEX(配置数据库!$G:$AG,MATCH(34,$Q:$Q,0),MATCH($B$3,配置数据库!$G$8:$AG$8,0)),""),";","；"))-1),IFERROR(INDEX(配置数据库!$G:$AG,MATCH(34,$Q:$Q,0),MATCH($B$3,配置数据库!$G$8:$AG$8,0)),""))) -> X | C76: =IF($A76="","","自动带出") -> 自动带出 | D76: =IF($A76="","",IFERROR(INDEX(配置数据库!$B:$B,MATCH(34,$Q:$Q,0)),"")) | E76: =IF($A76="","",IFERROR(INDEX(配置数据库!$G:$AG,MATCH($A76,配置数据库!$A:$A,0),MATCH($B$3,配置数据库!$G$8:$AG$8,0)),"")) -> X | F76: =IF(ISNUMBER(SEARCH("；",SUBSTITUTE($E76,";","；"))),TRIM(MID(SUBSTITUTE(SUBSTITUTE($E76,";","；"),"；",REPT(" ",100)),1,100)),"") | G76: =IF(ISNUMBER(SEARCH("；",SUBSTITUTE($E76,";","；"))),TRIM(MID(SUBSTITUTE(SUBSTITUTE($E76,";","；"),"；",REPT(" ",100)),101,100)),"") | H76: =IF(ISNUMBER(SEARCH("；",SUBSTITUTE($E76,";","；"))),TRIM(MID(SUBSTITUTE(SUBSTITUTE($E76,";","；"),"；",REPT(" ",100)),201,100)),"") | I76: =IF(ISNUMBER(SEARCH("；",SUBSTITUTE($E76,";","；"))),TRIM(MID(SUBSTITUTE(SUBSTITUTE($E76,";","；"),"；",REPT(" ",100)),301,100)),"") | J76: =IF(ISNUMBER(SEARCH("；",SUBSTITUTE($E76,";","；"))),TRIM(MID(SUBSTITUTE(SUBSTITUTE($E76,";","；"),"；",REPT(" ",100)),401,100)),"") | K76: =IF(ISNUMBER(SEARCH("；",SUBSTITUTE($E76,";","；"))),TRIM(MID(SUBSTITUTE(SUBSTITUTE($E76,";","；"),"；",REPT(" ",100)),501,100)),"") | L76: =IF(ISNUMBER(SEARCH("；",SUBSTITUTE($E76,";","；"))),TRIM(MID(SUBSTITUTE(SUBSTITUTE($E76,";","；"),"；",REPT(" ",100)),601,100)),"") | M76: =IF(ISNUMBER(SEARCH("；",SUBSTITUTE($E76,";","；"))),TRIM(MID(SUBSTITUTE(SUBSTITUTE($E76,";","；"),"；",REPT(" ",100)),701,100)),"") | N76: =IF(ISNUMBER(SEARCH("；",SUBSTITUTE($E76,";","；"))),TRIM(MID(SUBSTITUTE(SUBSTITUTE($E76,";","；"),"；",REPT(" ",100)),801,100)),"") | O76: =IF(ISNUMBER(SEARCH("；",SUBSTITUTE($E76,";","；"))),TRIM(MID(SUBSTITUTE(SUBSTITUTE($E76,";","；"),"；",REPT(" ",100)),901,100)),"") | P76: =IF(AND(配置数据库!#REF!="售前填写",INDEX(配置数据库!#REF!,1,MATCH($B$3,配置数据库!$G$8:$AG$8,0))<>""),SUMPRODUCT((配置数据库!$C$10:$C103="售前填写")*(INDEX(配置数据库!$G$10:$AG103,0,MATCH($B$3,配置数据库!$G$8:$AG$8,0))<>"")),"") -> #REF! | Q76: =IF(AND(配置数据库!#REF!="默认配置",INDEX(配置数据库!#REF!,1,MATCH($B$3,配置数据库!$G$8:$AG$8,0))<>""),SUMPRODUCT((配置数据库!$C$10:$C103="默认配置")*(INDEX(配置数据库!$G$10:$AG103,0,MATCH($B$3,配置数据库!$G$8:$AG$8,0))<>"")),"") -> #REF!
A77: =IFERROR(INDEX(配置数据库!$A:$A,MATCH(35,$Q:$Q,0)),"") -> 门架居中后下方雷达（横放） | B77: =IF($A77="","",IFERROR(LEFT(SUBSTITUTE(IFERROR(INDEX(配置数据库!$G:$AG,MATCH(35,$Q:$Q,0),MATCH($B$3,配置数据库!$G$8:$AG$8,0)),""),";","；"),FIND("；",SUBSTITUTE(IFERROR(INDEX(配置数据库!$G:$AG,MATCH(35,$Q:$Q,0),MATCH($B$3,配置数据库!$G$8:$AG$8,0)),""),";","；"))-1),IFERROR(INDEX(配置数据库!$G:$AG,MATCH(35,$Q:$Q,0),MATCH($B$3,配置数据库!$G$8:$AG$8,0)),""))) -> X | C77: =IF($A77="","","自动带出") -> 自动带出 | D77: =IF($A77="","",IFERROR(INDEX(配置数据库!$B:$B,MATCH(35,$Q:$Q,0)),"")) | E77: =IF($A77="","",IFERROR(INDEX(配置数据库!$G:$AG,MATCH($A77,配置数据库!$A:$A,0),MATCH($B$3,配置数据库!$G$8:$AG$8,0)),"")) -> X | F77: =IF(ISNUMBER(SEARCH("；",SUBSTITUTE($E77,";","；"))),TRIM(MID(SUBSTITUTE(SUBSTITUTE($E77,";","；"),"；",REPT(" ",100)),1,100)),"") | G77: =IF(ISNUMBER(SEARCH("；",SUBSTITUTE($E77,";","；"))),TRIM(MID(SUBSTITUTE(SUBSTITUTE($E77,";","；"),"；",REPT(" ",100)),101,100)),"") | H77: =IF(ISNUMBER(SEARCH("；",SUBSTITUTE($E77,";","；"))),TRIM(MID(SUBSTITUTE(SUBSTITUTE($E77,";","；"),"；",REPT(" ",100)),201,100)),"") | I77: =IF(ISNUMBER(SEARCH("；",SUBSTITUTE($E77,";","；"))),TRIM(MID(SUBSTITUTE(SUBSTITUTE($E77,";","；"),"；",REPT(" ",100)),301,100)),"") | J77: =IF(ISNUMBER(SEARCH("；",SUBSTITUTE($E77,";","；"))),TRIM(MID(SUBSTITUTE(SUBSTITUTE($E77,";","；"),"；",REPT(" ",100)),401,100)),"") | K77: =IF(ISNUMBER(SEARCH("；",SUBSTITUTE($E77,";","；"))),TRIM(MID(SUBSTITUTE(SUBSTITUTE($E77,";","；"),"；",REPT(" ",100)),501,100)),"") | L77: =IF(ISNUMBER(SEARCH("；",SUBSTITUTE($E77,";","；"))),TRIM(MID(SUBSTITUTE(SUBSTITUTE($E77,";","；"),"；",REPT(" ",100)),601,100)),"") | M77: =IF(ISNUMBER(SEARCH("；",SUBSTITUTE($E77,";","；"))),TRIM(MID(SUBSTITUTE(SUBSTITUTE($E77,";","；"),"；",REPT(" ",100)),701,100)),"") | N77: =IF(ISNUMBER(SEARCH("；",SUBSTITUTE($E77,";","；"))),TRIM(MID(SUBSTITUTE(SUBSTITUTE($E77,";","；"),"；",REPT(" ",100)),801,100)),"") | O77: =IF(ISNUMBER(SEARCH("；",SUBSTITUTE($E77,";","；"))),TRIM(MID(SUBSTITUTE(SUBSTITUTE($E77,";","；"),"；",REPT(" ",100)),901,100)),"") | P77: =IF(AND(配置数据库!#REF!="售前填写",INDEX(配置数据库!#REF!,1,MATCH($B$3,配置数据库!$G$8:$AG$8,0))<>""),SUMPRODUCT((配置数据库!$C$10:$C103="售前填写")*(INDEX(配置数据库!$G$10:$AG103,0,MATCH($B$3,配置数据库!$G$8:$AG$8,0))<>"")),"") -> #REF! | Q77: =IF(AND(配置数据库!#REF!="默认配置",INDEX(配置数据库!#REF!,1,MATCH($B$3,配置数据库!$G$8:$AG$8,0))<>""),SUMPRODUCT((配置数据库!$C$10:$C103="默认配置")*(INDEX(配置数据库!$G$10:$AG103,0,MATCH($B$3,配置数据库!$G$8:$AG$8,0))<>"")),"") -> #REF!
A78: =IFERROR(INDEX(配置数据库!$A:$A,MATCH(36,$Q:$Q,0)),"") -> 拉绳编码器 | B78: =IF($A78="","",IFERROR(LEFT(SUBSTITUTE(IFERROR(INDEX(配置数据库!$G:$AG,MATCH(36,$Q:$Q,0),MATCH($B$3,配置数据库!$G$8:$AG$8,0)),""),";","；"),FIND("；",SUBSTITUTE(IFERROR(INDEX(配置数据库!$G:$AG,MATCH(36,$Q:$Q,0),MATCH($B$3,配置数据库!$G$8:$AG$8,0)),""),";","；"))-1),IFERROR(INDEX(配置数据库!$G:$AG,MATCH(36,$Q:$Q,0),MATCH($B$3,配置数据库!$G$8:$AG$8,0)),""))) -> X | C78: =IF($A78="","","自动带出") -> 自动带出 | D78: =IF($A78="","",IFERROR(INDEX(配置数据库!$B:$B,MATCH(36,$Q:$Q,0)),"")) | E78: =IF($A78="","",IFERROR(INDEX(配置数据库!$G:$AG,MATCH($A78,配置数据库!$A:$A,0),MATCH($B$3,配置数据库!$G$8:$AG$8,0)),"")) -> X | F78: =IF(ISNUMBER(SEARCH("；",SUBSTITUTE($E78,";","；"))),TRIM(MID(SUBSTITUTE(SUBSTITUTE($E78,";","；"),"；",REPT(" ",100)),1,100)),"") | G78: =IF(ISNUMBER(SEARCH("；",SUBSTITUTE($E78,";","；"))),TRIM(MID(SUBSTITUTE(SUBSTITUTE($E78,";","；"),"；",REPT(" ",100)),101,100)),"") | H78: =IF(ISNUMBER(SEARCH("；",SUBSTITUTE($E78,";","；"))),TRIM(MID(SUBSTITUTE(SUBSTITUTE($E78,";","；"),"；",REPT(" ",100)),201,100)),"") | I78: =IF(ISNUMBER(SEARCH("；",SUBSTITUTE($E78,";","；"))),TRIM(MID(SUBSTITUTE(SUBSTITUTE($E78,";","；"),"；",REPT(" ",100)),301,100)),"") | J78: =IF(ISNUMBER(SEARCH("；",SUBSTITUTE($E78,";","；"))),TRIM(MID(SUBSTITUTE(SUBSTITUTE($E78,";","；"),"；",REPT(" ",100)),401,100)),"") | K78: =IF(ISNUMBER(SEARCH("；",SUBSTITUTE($E78,";","；"))),TRIM(MID(SUBSTITUTE(SUBSTITUTE($E78,";","；"),"；",REPT(" ",100)),501,100)),"") | L78: =IF(ISNUMBER(SEARCH("；",SUBSTITUTE($E78,";","；"))),TRIM(MID(SUBSTITUTE(SUBSTITUTE($E78,";","；"),"；",REPT(" ",100)),601,100)),"") | M78: =IF(ISNUMBER(SEARCH("；",SUBSTITUTE($E78,";","；"))),TRIM(MID(SUBSTITUTE(SUBSTITUTE($E78,";","；"),"；",REPT(" ",100)),701,100)),"") | N78: =IF(ISNUMBER(SEARCH("；",SUBSTITUTE($E78,";","；"))),TRIM(MID(SUBSTITUTE(SUBSTITUTE($E78,";","；"),"；",REPT(" ",100)),801,100)),"") | O78: =IF(ISNUMBER(SEARCH("；",SUBSTITUTE($E78,";","；"))),TRIM(MID(SUBSTITUTE(SUBSTITUTE($E78,";","；"),"；",REPT(" ",100)),901,100)),"") | P78: =IF(AND(配置数据库!#REF!="售前填写",INDEX(配置数据库!#REF!,1,MATCH($B$3,配置数据库!$G$8:$AG$8,0))<>""),SUMPRODUCT((配置数据库!$C$10:$C103="售前填写")*(INDEX(配置数据库!$G$10:$AG103,0,MATCH($B$3,配置数据库!$G$8:$AG$8,0))<>"")),"") -> #REF! | Q78: =IF(AND(配置数据库!#REF!="默认配置",INDEX(配置数据库!#REF!,1,MATCH($B$3,配置数据库!$G$8:$AG$8,0))<>""),SUMPRODUCT((配置数据库!$C$10:$C103="默认配置")*(INDEX(配置数据库!$G$10:$AG103,0,MATCH($B$3,配置数据库!$G$8:$AG$8,0))<>"")),"") -> #REF!
A79: =IFERROR(INDEX(配置数据库!$A:$A,MATCH(37,$Q:$Q,0)),"") -> TSA模组 | B79: =IF($A79="","",IFERROR(LEFT(SUBSTITUTE(IFERROR(INDEX(配置数据库!$G:$AG,MATCH(37,$Q:$Q,0),MATCH($B$3,配置数据库!$G$8:$AG$8,0)),""),";","；"),FIND("；",SUBSTITUTE(IFERROR(INDEX(配置数据库!$G:$AG,MATCH(37,$Q:$Q,0),MATCH($B$3,配置数据库!$G$8:$AG$8,0)),""),";","；"))-1),IFERROR(INDEX(配置数据库!$G:$AG,MATCH(37,$Q:$Q,0),MATCH($B$3,配置数据库!$G$8:$AG$8,0)),""))) -> 有（40060000347 览沃Mid-360S *2 | C79: =IF($A79="","","自动带出") -> 自动带出 | D79: =IF($A79="","",IFERROR(INDEX(配置数据库!$B:$B,MATCH(37,$Q:$Q,0)),"")) | E79: =IF($A79="","",IFERROR(INDEX(配置数据库!$G:$AG,MATCH($A79,配置数据库!$A:$A,0),MATCH($B$3,配置数据库!$G$8:$AG$8,0)),"")) -> 有（40060000347 览沃Mid-360S *2；40051800008 翰普 001-0691-3.0+oks-6604 调备注焦距：60厘米 *4） | F79: =IF(ISNUMBER(SEARCH("；",SUBSTITUTE($E79,";","；"))),TRIM(MID(SUBSTITUTE(SUBSTITUTE($E79,";","；"),"；",REPT(" ",100)),1,100)),"") -> 有（40060000347 览沃Mid-360S *2 | G79: =IF(ISNUMBER(SEARCH("；",SUBSTITUTE($E79,";","；"))),TRIM(MID(SUBSTITUTE(SUBSTITUTE($E79,";","；"),"；",REPT(" ",100)),101,100)),"") -> 40051800008 翰普 001-0691-3.0+oks-6604 调备注焦距：60厘米 *4） | H79: =IF(ISNUMBER(SEARCH("；",SUBSTITUTE($E79,";","；"))),TRIM(MID(SUBSTITUTE(SUBSTITUTE($E79,";","；"),"；",REPT(" ",100)),201,100)),"") | I79: =IF(ISNUMBER(SEARCH("；",SUBSTITUTE($E79,";","；"))),TRIM(MID(SUBSTITUTE(SUBSTITUTE($E79,";","；"),"；",REPT(" ",100)),301,100)),"") | J79: =IF(ISNUMBER(SEARCH("；",SUBSTITUTE($E79,";","；"))),TRIM(MID(SUBSTITUTE(SUBSTITUTE($E79,";","；"),"；",REPT(" ",100)),401,100)),"") | K79: =IF(ISNUMBER(SEARCH("；",SUBSTITUTE($E79,";","；"))),TRIM(MID(SUBSTITUTE(SUBSTITUTE($E79,";","；"),"；",REPT(" ",100)),501,100)),"") | L79: =IF(ISNUMBER(SEARCH("；",SUBSTITUTE($E79,";","；"))),TRIM(MID(SUBSTITUTE(SUBSTITUTE($E79,";","；"),"；",REPT(" ",100)),601,100)),"") | M79: =IF(ISNUMBER(SEARCH("；",SUBSTITUTE($E79,";","；"))),TRIM(MID(SUBSTITUTE(SUBSTITUTE($E79,";","；"),"；",REPT(" ",100)),701,100)),"") | N79: =IF(ISNUMBER(SEARCH("；",SUBSTITUTE($E79,";","；"))),TRIM(MID(SUBSTITUTE(SUBSTITUTE($E79,";","；"),"；",REPT(" ",100)),801,100)),"") | O79: =IF(ISNUMBER(SEARCH("；",SUBSTITUTE($E79,";","；"))),TRIM(MID(SUBSTITUTE(SUBSTITUTE($E79,";","；"),"；",REPT(" ",100)),901,100)),"") | P79: =IF(AND(配置数据库!#REF!="售前填写",INDEX(配置数据库!#REF!,1,MATCH($B$3,配置数据库!$G$8:$AG$8,0))<>""),SUMPRODUCT((配置数据库!$C$10:$C103="售前填写")*(INDEX(配置数据库!$G$10:$AG103,0,MATCH($B$3,配置数据库!$G$8:$AG$8,0))<>"")),"") -> #REF! | Q79: =IF(AND(配置数据库!#REF!="默认配置",INDEX(配置数据库!#REF!,1,MATCH($B$3,配置数据库!$G$8:$AG$8,0))<>""),SUMPRODUCT((配置数据库!$C$10:$C103="默认配置")*(INDEX(配置数据库!$G$10:$AG103,0,MATCH($B$3,配置数据库!$G$8:$AG$8,0))<>"")),"") -> #REF!
A80: =IFERROR(INDEX(配置数据库!$A:$A,MATCH(38,$Q:$Q,0)),"") -> 远程运维相机 | B80: =IF($A80="","",IFERROR(LEFT(SUBSTITUTE(IFERROR(INDEX(配置数据库!$G:$AG,MATCH(38,$Q:$Q,0),MATCH($B$3,配置数据库!$G$8:$AG$8,0)),""),";","；"),FIND("；",SUBSTITUTE(IFERROR(INDEX(配置数据库!$G:$AG,MATCH(38,$Q:$Q,0),MATCH($B$3,配置数据库!$G$8:$AG$8,0)),""),";","；"))-1),IFERROR(INDEX(配置数据库!$G:$AG,MATCH(38,$Q:$Q,0),MATCH($B$3,配置数据库!$G$8:$AG$8,0)),""))) -> TSA*4（上述已包含） + 门架中间*1（40000010003 翰普相机 翰普相机-USB接口-03.0691.0381-视角FOV ：D= 120°） | C80: =IF($A80="","","自动带出") -> 自动带出 | D80: =IF($A80="","",IFERROR(INDEX(配置数据库!$B:$B,MATCH(38,$Q:$Q,0)),"")) | E80: =IF($A80="","",IFERROR(INDEX(配置数据库!$G:$AG,MATCH($A80,配置数据库!$A:$A,0),MATCH($B$3,配置数据库!$G$8:$AG$8,0)),"")) -> TSA*4（上述已包含） + 门架中间*1（40000010003 翰普相机 翰普相机-USB接口-03.0691.0381-视角FOV ：D= 120°） | F80: =IF(ISNUMBER(SEARCH("；",SUBSTITUTE($E80,";","；"))),TRIM(MID(SUBSTITUTE(SUBSTITUTE($E80,";","；"),"；",REPT(" ",100)),1,100)),"") | G80: =IF(ISNUMBER(SEARCH("；",SUBSTITUTE($E80,";","；"))),TRIM(MID(SUBSTITUTE(SUBSTITUTE($E80,";","；"),"；",REPT(" ",100)),101,100)),"") | H80: =IF(ISNUMBER(SEARCH("；",SUBSTITUTE($E80,";","；"))),TRIM(MID(SUBSTITUTE(SUBSTITUTE($E80,";","；"),"；",REPT(" ",100)),201,100)),"") | I80: =IF(ISNUMBER(SEARCH("；",SUBSTITUTE($E80,";","；"))),TRIM(MID(SUBSTITUTE(SUBSTITUTE($E80,";","；"),"；",REPT(" ",100)),301,100)),"") | J80: =IF(ISNUMBER(SEARCH("；",SUBSTITUTE($E80,";","；"))),TRIM(MID(SUBSTITUTE(SUBSTITUTE($E80,";","；"),"；",REPT(" ",100)),401,100)),"") | K80: =IF(ISNUMBER(SEARCH("；",SUBSTITUTE($E80,";","；"))),TRIM(MID(SUBSTITUTE(SUBSTITUTE($E80,";","；"),"；",REPT(" ",100)),501,100)),"") | L80: =IF(ISNUMBER(SEARCH("；",SUBSTITUTE($E80,";","；"))),TRIM(MID(SUBSTITUTE(SUBSTITUTE($E80,";","；"),"；",REPT(" ",100)),601,100)),"") | M80: =IF(ISNUMBER(SEARCH("；",SUBSTITUTE($E80,";","；"))),TRIM(MID(SUBSTITUTE(SUBSTITUTE($E80,";","；"),"；",REPT(" ",100)),701,100)),"") | N80: =IF(ISNUMBER(SEARCH("；",SUBSTITUTE($E80,";","；"))),TRIM(MID(SUBSTITUTE(SUBSTITUTE($E80,";","；"),"；",REPT(" ",100)),801,100)),"") | O80: =IF(ISNUMBER(SEARCH("；",SUBSTITUTE($E80,";","；"))),TRIM(MID(SUBSTITUTE(SUBSTITUTE($E80,";","；"),"；",REPT(" ",100)),901,100)),"") | P80: =IF(AND(配置数据库!$C29="售前填写",INDEX(配置数据库!$G29:$AG29,1,MATCH($B$3,配置数据库!$G$8:$AG$8,0))<>""),SUMPRODUCT((配置数据库!$C$10:$C103="售前填写")*(INDEX(配置数据库!$G$10:$AG103,0,MATCH($B$3,配置数据库!$G$8:$AG$8,0))<>"")),"") | Q80: =IF(AND(配置数据库!$C29="默认配置",INDEX(配置数据库!$G29:$AG29,1,MATCH($B$3,配置数据库!$G$8:$AG$8,0))<>""),SUMPRODUCT((配置数据库!$C$10:$C103="默认配置")*(INDEX(配置数据库!$G$10:$AG103,0,MATCH($B$3,配置数据库!$G$8:$AG$8,0))<>"")),"")
A81: =IFERROR(INDEX(配置数据库!$A:$A,MATCH(39,$Q:$Q,0)),"") -> 货物相对检测相机 | B81: =IF($A81="","",IFERROR(LEFT(SUBSTITUTE(IFERROR(INDEX(配置数据库!$G:$AG,MATCH(39,$Q:$Q,0),MATCH($B$3,配置数据库!$G$8:$AG$8,0)),""),";","；"),FIND("；",SUBSTITUTE(IFERROR(INDEX(配置数据库!$G:$AG,MATCH(39,$Q:$Q,0),MATCH($B$3,配置数据库!$G$8:$AG$8,0)),""),";","；"))-1),IFERROR(INDEX(配置数据库!$G:$AG,MATCH(39,$Q:$Q,0),MATCH($B$3,配置数据库!$G$8:$AG$8,0)),""))) -> 40000010003 翰普相机 翰普相机-USB接口-03.0691.0381-视角FOV ：D= 120° | C81: =IF($A81="","","自动带出") -> 自动带出 | D81: =IF($A81="","",IFERROR(INDEX(配置数据库!$B:$B,MATCH(39,$Q:$Q,0)),"")) | E81: =IF($A81="","",IFERROR(INDEX(配置数据库!$G:$AG,MATCH($A81,配置数据库!$A:$A,0),MATCH($B$3,配置数据库!$G$8:$AG$8,0)),"")) -> 40000010003 翰普相机 翰普相机-USB接口-03.0691.0381-视角FOV ：D= 120° | F81: =IF(ISNUMBER(SEARCH("；",SUBSTITUTE($E81,";","；"))),TRIM(MID(SUBSTITUTE(SUBSTITUTE($E81,";","；"),"；",REPT(" ",100)),1,100)),"") | G81: =IF(ISNUMBER(SEARCH("；",SUBSTITUTE($E81,";","；"))),TRIM(MID(SUBSTITUTE(SUBSTITUTE($E81,";","；"),"；",REPT(" ",100)),101,100)),"") | H81: =IF(ISNUMBER(SEARCH("；",SUBSTITUTE($E81,";","；"))),TRIM(MID(SUBSTITUTE(SUBSTITUTE($E81,";","；"),"；",REPT(" ",100)),201,100)),"") | I81: =IF(ISNUMBER(SEARCH("；",SUBSTITUTE($E81,";","；"))),TRIM(MID(SUBSTITUTE(SUBSTITUTE($E81,";","；"),"；",REPT(" ",100)),301,100)),"") | J81: =IF(ISNUMBER(SEARCH("；",SUBSTITUTE($E81,";","；"))),TRIM(MID(SUBSTITUTE(SUBSTITUTE($E81,";","；"),"；",REPT(" ",100)),401,100)),"") | K81: =IF(ISNUMBER(SEARCH("；",SUBSTITUTE($E81,";","；"))),TRIM(MID(SUBSTITUTE(SUBSTITUTE($E81,";","；"),"；",REPT(" ",100)),501,100)),"") | L81: =IF(ISNUMBER(SEARCH("；",SUBSTITUTE($E81,";","；"))),TRIM(MID(SUBSTITUTE(SUBSTITUTE($E81,";","；"),"；",REPT(" ",100)),601,100)),"") | M81: =IF(ISNUMBER(SEARCH("；",SUBSTITUTE($E81,";","；"))),TRIM(MID(SUBSTITUTE(SUBSTITUTE($E81,";","；"),"；",REPT(" ",100)),701,100)),"") | N81: =IF(ISNUMBER(SEARCH("；",SUBSTITUTE($E81,";","；"))),TRIM(MID(SUBSTITUTE(SUBSTITUTE($E81,";","；"),"；",REPT(" ",100)),801,100)),"") | O81: =IF(ISNUMBER(SEARCH("；",SUBSTITUTE($E81,";","；"))),TRIM(MID(SUBSTITUTE(SUBSTITUTE($E81,";","；"),"；",REPT(" ",100)),901,100)),"") | P81: =IF(AND(配置数据库!#REF!="售前填写",INDEX(配置数据库!#REF!,1,MATCH($B$3,配置数据库!$G$8:$AG$8,0))<>""),SUMPRODUCT((配置数据库!$C$10:$C103="售前填写")*(INDEX(配置数据库!$G$10:$AG103,0,MATCH($B$3,配置数据库!$G$8:$AG$8,0))<>"")),"") -> #REF! | Q81: =IF(AND(配置数据库!#REF!="默认配置",INDEX(配置数据库!#REF!,1,MATCH($B$3,配置数据库!$G$8:$AG$8,0))<>""),SUMPRODUCT((配置数据库!$C$10:$C103="默认配置")*(INDEX(配置数据库!$G$10:$AG103,0,MATCH($B$3,配置数据库!$G$8:$AG$8,0))<>"")),"") -> #REF!
A82: =IFERROR(INDEX(配置数据库!$A:$A,MATCH(40,$Q:$Q,0)),"") -> 托盘到位检测开关 | B82: =IF($A82="","",IFERROR(LEFT(SUBSTITUTE(IFERROR(INDEX(配置数据库!$G:$AG,MATCH(40,$Q:$Q,0),MATCH($B$3,配置数据库!$G$8:$AG$8,0)),""),";","；"),FIND("；",SUBSTITUTE(IFERROR(INDEX(配置数据库!$G:$AG,MATCH(40,$Q:$Q,0),MATCH($B$3,配置数据库!$G$8:$AG$8,0)),""),";","；"))-1),IFERROR(INDEX(配置数据库!$G:$AG,MATCH(40,$Q:$Q,0),MATCH($B$3,配置数据库!$G$8:$AG$8,0)),""))) -> 有 | C82: =IF($A82="","","自动带出") -> 自动带出 | D82: =IF($A82="","",IFERROR(INDEX(配置数据库!$B:$B,MATCH(40,$Q:$Q,0)),"")) | E82: =IF($A82="","",IFERROR(INDEX(配置数据库!$G:$AG,MATCH($A82,配置数据库!$A:$A,0),MATCH($B$3,配置数据库!$G$8:$AG$8,0)),"")) -> 有 | F82: =IF(ISNUMBER(SEARCH("；",SUBSTITUTE($E82,";","；"))),TRIM(MID(SUBSTITUTE(SUBSTITUTE($E82,";","；"),"；",REPT(" ",100)),1,100)),"") | G82: =IF(ISNUMBER(SEARCH("；",SUBSTITUTE($E82,";","；"))),TRIM(MID(SUBSTITUTE(SUBSTITUTE($E82,";","；"),"；",REPT(" ",100)),101,100)),"") | H82: =IF(ISNUMBER(SEARCH("；",SUBSTITUTE($E82,";","；"))),TRIM(MID(SUBSTITUTE(SUBSTITUTE($E82,";","；"),"；",REPT(" ",100)),201,100)),"") | I82: =IF(ISNUMBER(SEARCH("；",SUBSTITUTE($E82,";","；"))),TRIM(MID(SUBSTITUTE(SUBSTITUTE($E82,";","；"),"；",REPT(" ",100)),301,100)),"") | J82: =IF(ISNUMBER(SEARCH("；",SUBSTITUTE($E82,";","；"))),TRIM(MID(SUBSTITUTE(SUBSTITUTE($E82,";","；"),"；",REPT(" ",100)),401,100)),"") | K82: =IF(ISNUMBER(SEARCH("；",SUBSTITUTE($E82,";","；"))),TRIM(MID(SUBSTITUTE(SUBSTITUTE($E82,";","；"),"；",REPT(" ",100)),501,100)),"") | L82: =IF(ISNUMBER(SEARCH("；",SUBSTITUTE($E82,";","；"))),TRIM(MID(SUBSTITUTE(SUBSTITUTE($E82,";","；"),"；",REPT(" ",100)),601,100)),"") | M82: =IF(ISNUMBER(SEARCH("；",SUBSTITUTE($E82,";","；"))),TRIM(MID(SUBSTITUTE(SUBSTITUTE($E82,";","；"),"；",REPT(" ",100)),701,100)),"") | N82: =IF(ISNUMBER(SEARCH("；",SUBSTITUTE($E82,";","；"))),TRIM(MID(SUBSTITUTE(SUBSTITUTE($E82,";","；"),"；",REPT(" ",100)),801,100)),"") | O82: =IF(ISNUMBER(SEARCH("；",SUBSTITUTE($E82,";","；"))),TRIM(MID(SUBSTITUTE(SUBSTITUTE($E82,";","；"),"；",REPT(" ",100)),901,100)),"") | P82: =IF(AND(配置数据库!$C104="售前填写",INDEX(配置数据库!$G104:$AG104,1,MATCH($B$3,配置数据库!$G$8:$AG$8,0))<>""),SUMPRODUCT((配置数据库!$C$10:$C104="售前填写")*(INDEX(配置数据库!$G$10:$AG104,0,MATCH($B$3,配置数据库!$G$8:$AG$8,0))<>"")),"") | Q82: =IF(AND(配置数据库!$C104="默认配置",INDEX(配置数据库!$G104:$AG104,1,MATCH($B$3,配置数据库!$G$8:$AG$8,0))<>""),SUMPRODUCT((配置数据库!$C$10:$C104="默认配置")*(INDEX(配置数据库!$G$10:$AG104,0,MATCH($B$3,配置数据库!$G$8:$AG$8,0))<>"")),"") -> 36
A83: =IFERROR(INDEX(配置数据库!$A:$A,MATCH(41,$Q:$Q,0)),"") -> 托盘高位检测开关 | B83: =IF($A83="","",IFERROR(LEFT(SUBSTITUTE(IFERROR(INDEX(配置数据库!$G:$AG,MATCH(41,$Q:$Q,0),MATCH($B$3,配置数据库!$G$8:$AG$8,0)),""),";","；"),FIND("；",SUBSTITUTE(IFERROR(INDEX(配置数据库!$G:$AG,MATCH(41,$Q:$Q,0),MATCH($B$3,配置数据库!$G$8:$AG$8,0)),""),";","；"))-1),IFERROR(INDEX(配置数据库!$G:$AG,MATCH(41,$Q:$Q,0),MATCH($B$3,配置数据库!$G$8:$AG$8,0)),""))) -> X | C83: =IF($A83="","","自动带出") -> 自动带出 | D83: =IF($A83="","",IFERROR(INDEX(配置数据库!$B:$B,MATCH(41,$Q:$Q,0)),"")) | E83: =IF($A83="","",IFERROR(INDEX(配置数据库!$G:$AG,MATCH($A83,配置数据库!$A:$A,0),MATCH($B$3,配置数据库!$G$8:$AG$8,0)),"")) -> X | F83: =IF(ISNUMBER(SEARCH("；",SUBSTITUTE($E83,";","；"))),TRIM(MID(SUBSTITUTE(SUBSTITUTE($E83,";","；"),"；",REPT(" ",100)),1,100)),"") | G83: =IF(ISNUMBER(SEARCH("；",SUBSTITUTE($E83,";","；"))),TRIM(MID(SUBSTITUTE(SUBSTITUTE($E83,";","；"),"；",REPT(" ",100)),101,100)),"") | H83: =IF(ISNUMBER(SEARCH("；",SUBSTITUTE($E83,";","；"))),TRIM(MID(SUBSTITUTE(SUBSTITUTE($E83,";","；"),"；",REPT(" ",100)),201,100)),"") | I83: =IF(ISNUMBER(SEARCH("；",SUBSTITUTE($E83,";","；"))),TRIM(MID(SUBSTITUTE(SUBSTITUTE($E83,";","；"),"；",REPT(" ",100)),301,100)),"") | J83: =IF(ISNUMBER(SEARCH("；",SUBSTITUTE($E83,";","；"))),TRIM(MID(SUBSTITUTE(SUBSTITUTE($E83,";","；"),"；",REPT(" ",100)),401,100)),"") | K83: =IF(ISNUMBER(SEARCH("；",SUBSTITUTE($E83,";","；"))),TRIM(MID(SUBSTITUTE(SUBSTITUTE($E83,";","；"),"；",REPT(" ",100)),501,100)),"") | L83: =IF(ISNUMBER(SEARCH("；",SUBSTITUTE($E83,";","；"))),TRIM(MID(SUBSTITUTE(SUBSTITUTE($E83,";","；"),"；",REPT(" ",100)),601,100)),"") | M83: =IF(ISNUMBER(SEARCH("；",SUBSTITUTE($E83,";","；"))),TRIM(MID(SUBSTITUTE(SUBSTITUTE($E83,";","；"),"；",REPT(" ",100)),701,100)),"") | N83: =IF(ISNUMBER(SEARCH("；",SUBSTITUTE($E83,";","；"))),TRIM(MID(SUBSTITUTE(SUBSTITUTE($E83,";","；"),"；",REPT(" ",100)),801,100)),"") | O83: =IF(ISNUMBER(SEARCH("；",SUBSTITUTE($E83,";","；"))),TRIM(MID(SUBSTITUTE(SUBSTITUTE($E83,";","；"),"；",REPT(" ",100)),901,100)),"") | P83: =IF(AND(配置数据库!$C105="售前填写",INDEX(配置数据库!$G105:$AG105,1,MATCH($B$3,配置数据库!$G$8:$AG$8,0))<>""),SUMPRODUCT((配置数据库!$C$10:$C105="售前填写")*(INDEX(配置数据库!$G$10:$AG105,0,MATCH($B$3,配置数据库!$G$8:$AG$8,0))<>"")),"") | Q83: =IF(AND(配置数据库!$C105="默认配置",INDEX(配置数据库!$G105:$AG105,1,MATCH($B$3,配置数据库!$G$8:$AG$8,0))<>""),SUMPRODUCT((配置数据库!$C$10:$C105="默认配置")*(INDEX(配置数据库!$G$10:$AG105,0,MATCH($B$3,配置数据库!$G$8:$AG$8,0))<>"")),"") -> 37
A84: =IFERROR(INDEX(配置数据库!$A:$A,MATCH(42,$Q:$Q,0)),"") -> 叉齿尖传感器（非雷达） | B84: =IF($A84="","",IFERROR(LEFT(SUBSTITUTE(IFERROR(INDEX(配置数据库!$G:$AG,MATCH(42,$Q:$Q,0),MATCH($B$3,配置数据库!$G$8:$AG$8,0)),""),";","；"),FIND("；",SUBSTITUTE(IFERROR(INDEX(配置数据库!$G:$AG,MATCH(42,$Q:$Q,0),MATCH($B$3,配置数据库!$G$8:$AG$8,0)),""),";","；"))-1),IFERROR(INDEX(配置数据库!$G:$AG,MATCH(42,$Q:$Q,0),MATCH($B$3,配置数据库!$G$8:$AG$8,0)),""))) -> 2，机械式 2颗蓝海雷达 | C84: =IF($A84="","","自动带出") -> 自动带出 | D84: =IF($A84="","",IFERROR(INDEX(配置数据库!$B:$B,MATCH(42,$Q:$Q,0)),"")) | E84: =IF($A84="","",IFERROR(INDEX(配置数据库!$G:$AG,MATCH($A84,配置数据库!$A:$A,0),MATCH($B$3,配置数据库!$G$8:$AG$8,0)),"")) -> 2，机械式 2颗蓝海雷达 | F84: =IF(ISNUMBER(SEARCH("；",SUBSTITUTE($E84,";","；"))),TRIM(MID(SUBSTITUTE(SUBSTITUTE($E84,";","；"),"；",REPT(" ",100)),1,100)),"") | G84: =IF(ISNUMBER(SEARCH("；",SUBSTITUTE($E84,";","；"))),TRIM(MID(SUBSTITUTE(SUBSTITUTE($E84,";","；"),"；",REPT(" ",100)),101,100)),"") | H84: =IF(ISNUMBER(SEARCH("；",SUBSTITUTE($E84,";","；"))),TRIM(MID(SUBSTITUTE(SUBSTITUTE($E84,";","；"),"；",REPT(" ",100)),201,100)),"") | I84: =IF(ISNUMBER(SEARCH("；",SUBSTITUTE($E84,";","；"))),TRIM(MID(SUBSTITUTE(SUBSTITUTE($E84,";","；"),"；",REPT(" ",100)),301,100)),"") | J84: =IF(ISNUMBER(SEARCH("；",SUBSTITUTE($E84,";","；"))),TRIM(MID(SUBSTITUTE(SUBSTITUTE($E84,";","；"),"；",REPT(" ",100)),401,100)),"") | K84: =IF(ISNUMBER(SEARCH("；",SUBSTITUTE($E84,";","；"))),TRIM(MID(SUBSTITUTE(SUBSTITUTE($E84,";","；"),"；",REPT(" ",100)),501,100)),"") | L84: =IF(ISNUMBER(SEARCH("；",SUBSTITUTE($E84,";","；"))),TRIM(MID(SUBSTITUTE(SUBSTITUTE($E84,";","；"),"；",REPT(" ",100)),601,100)),"") | M84: =IF(ISNUMBER(SEARCH("；",SUBSTITUTE($E84,";","；"))),TRIM(MID(SUBSTITUTE(SUBSTITUTE($E84,";","；"),"；",REPT(" ",100)),701,100)),"") | N84: =IF(ISNUMBER(SEARCH("；",SUBSTITUTE($E84,";","；"))),TRIM(MID(SUBSTITUTE(SUBSTITUTE($E84,";","；"),"；",REPT(" ",100)),801,100)),"") | O84: =IF(ISNUMBER(SEARCH("；",SUBSTITUTE($E84,";","；"))),TRIM(MID(SUBSTITUTE(SUBSTITUTE($E84,";","；"),"；",REPT(" ",100)),901,100)),"") | P84: =IF(AND(配置数据库!$C106="售前填写",INDEX(配置数据库!$G106:$AG106,1,MATCH($B$3,配置数据库!$G$8:$AG$8,0))<>""),SUMPRODUCT((配置数据库!$C$10:$C106="售前填写")*(INDEX(配置数据库!$G$10:$AG106,0,MATCH($B$3,配置数据库!$G$8:$AG$8,0))<>"")),"") | Q84: =IF(AND(配置数据库!$C106="默认配置",INDEX(配置数据库!$G106:$AG106,1,MATCH($B$3,配置数据库!$G$8:$AG$8,0))<>""),SUMPRODUCT((配置数据库!$C$10:$C106="默认配置")*(INDEX(配置数据库!$G$10:$AG106,0,MATCH($B$3,配置数据库!$G$8:$AG$8,0))<>"")),"") -> 38
A85: =IFERROR(INDEX(配置数据库!$A:$A,MATCH(43,$Q:$Q,0)),"") -> 屏幕 | B85: =IF($A85="","",IFERROR(LEFT(SUBSTITUTE(IFERROR(INDEX(配置数据库!$G:$AG,MATCH(43,$Q:$Q,0),MATCH($B$3,配置数据库!$G$8:$AG$8,0)),""),";","；"),FIND("；",SUBSTITUTE(IFERROR(INDEX(配置数据库!$G:$AG,MATCH(43,$Q:$Q,0),MATCH($B$3,配置数据库!$G$8:$AG$8,0)),""),";","；"))-1),IFERROR(INDEX(配置数据库!$G:$AG,MATCH(43,$Q:$Q,0),MATCH($B$3,配置数据库!$G$8:$AG$8,0)),""))) -> 400210245-01 10.1寸安卓一体机 | C85: =IF($A85="","","自动带出") -> 自动带出 | D85: =IF($A85="","",IFERROR(INDEX(配置数据库!$B:$B,MATCH(43,$Q:$Q,0)),"")) | E85: =IF($A85="","",IFERROR(INDEX(配置数据库!$G:$AG,MATCH($A85,配置数据库!$A:$A,0),MATCH($B$3,配置数据库!$G$8:$AG$8,0)),"")) -> 400210245-01 10.1寸安卓一体机 | F85: =IF(ISNUMBER(SEARCH("；",SUBSTITUTE($E85,";","；"))),TRIM(MID(SUBSTITUTE(SUBSTITUTE($E85,";","；"),"；",REPT(" ",100)),1,100)),"") | G85: =IF(ISNUMBER(SEARCH("；",SUBSTITUTE($E85,";","；"))),TRIM(MID(SUBSTITUTE(SUBSTITUTE($E85,";","；"),"；",REPT(" ",100)),101,100)),"") | H85: =IF(ISNUMBER(SEARCH("；",SUBSTITUTE($E85,";","；"))),TRIM(MID(SUBSTITUTE(SUBSTITUTE($E85,";","；"),"；",REPT(" ",100)),201,100)),"") | I85: =IF(ISNUMBER(SEARCH("；",SUBSTITUTE($E85,";","；"))),TRIM(MID(SUBSTITUTE(SUBSTITUTE($E85,";","；"),"；",REPT(" ",100)),301,100)),"") | J85: =IF(ISNUMBER(SEARCH("；",SUBSTITUTE($E85,";","；"))),TRIM(MID(SUBSTITUTE(SUBSTITUTE($E85,";","；"),"；",REPT(" ",100)),401,100)),"") | K85: =IF(ISNUMBER(SEARCH("；",SUBSTITUTE($E85,";","；"))),TRIM(MID(SUBSTITUTE(SUBSTITUTE($E85,";","；"),"；",REPT(" ",100)),501,100)),"") | L85: =IF(ISNUMBER(SEARCH("；",SUBSTITUTE($E85,";","；"))),TRIM(MID(SUBSTITUTE(SUBSTITUTE($E85,";","；"),"；",REPT(" ",100)),601,100)),"") | M85: =IF(ISNUMBER(SEARCH("；",SUBSTITUTE($E85,";","；"))),TRIM(MID(SUBSTITUTE(SUBSTITUTE($E85,";","；"),"；",REPT(" ",100)),701,100)),"") | N85: =IF(ISNUMBER(SEARCH("；",SUBSTITUTE($E85,";","；"))),TRIM(MID(SUBSTITUTE(SUBSTITUTE($E85,";","；"),"；",REPT(" ",100)),801,100)),"") | O85: =IF(ISNUMBER(SEARCH("；",SUBSTITUTE($E85,";","；"))),TRIM(MID(SUBSTITUTE(SUBSTITUTE($E85,";","；"),"；",REPT(" ",100)),901,100)),"") | P85: =IF(AND(配置数据库!$C107="售前填写",INDEX(配置数据库!$G107:$AG107,1,MATCH($B$3,配置数据库!$G$8:$AG$8,0))<>""),SUMPRODUCT((配置数据库!$C$10:$C107="售前填写")*(INDEX(配置数据库!$G$10:$AG107,0,MATCH($B$3,配置数据库!$G$8:$AG$8,0))<>"")),"") | Q85: =IF(AND(配置数据库!$C107="默认配置",INDEX(配置数据库!$G107:$AG107,1,MATCH($B$3,配置数据库!$G$8:$AG$8,0))<>""),SUMPRODUCT((配置数据库!$C$10:$C107="默认配置")*(INDEX(配置数据库!$G$10:$AG107,0,MATCH($B$3,配置数据库!$G$8:$AG$8,0))<>"")),"") -> 39
A86: =IFERROR(INDEX(配置数据库!$A:$A,MATCH(44,$Q:$Q,0)),"") -> 急停按钮 | B86: =IF($A86="","",IFERROR(LEFT(SUBSTITUTE(IFERROR(INDEX(配置数据库!$G:$AG,MATCH(44,$Q:$Q,0),MATCH($B$3,配置数据库!$G$8:$AG$8,0)),""),";","；"),FIND("；",SUBSTITUTE(IFERROR(INDEX(配置数据库!$G:$AG,MATCH(44,$Q:$Q,0),MATCH($B$3,配置数据库!$G$8:$AG$8,0)),""),";","；"))-1),IFERROR(INDEX(配置数据库!$G:$AG,MATCH(44,$Q:$Q,0),MATCH($B$3,配置数据库!$G$8:$AG$8,0)),""))) -> 2个 | C86: =IF($A86="","","自动带出") -> 自动带出 | D86: =IF($A86="","",IFERROR(INDEX(配置数据库!$B:$B,MATCH(44,$Q:$Q,0)),"")) | E86: =IF($A86="","",IFERROR(INDEX(配置数据库!$G:$AG,MATCH($A86,配置数据库!$A:$A,0),MATCH($B$3,配置数据库!$G$8:$AG$8,0)),"")) -> 2个 | F86: =IF(ISNUMBER(SEARCH("；",SUBSTITUTE($E86,";","；"))),TRIM(MID(SUBSTITUTE(SUBSTITUTE($E86,";","；"),"；",REPT(" ",100)),1,100)),"") | G86: =IF(ISNUMBER(SEARCH("；",SUBSTITUTE($E86,";","；"))),TRIM(MID(SUBSTITUTE(SUBSTITUTE($E86,";","；"),"；",REPT(" ",100)),101,100)),"") | H86: =IF(ISNUMBER(SEARCH("；",SUBSTITUTE($E86,";","；"))),TRIM(MID(SUBSTITUTE(SUBSTITUTE($E86,";","；"),"；",REPT(" ",100)),201,100)),"") | I86: =IF(ISNUMBER(SEARCH("；",SUBSTITUTE($E86,";","；"))),TRIM(MID(SUBSTITUTE(SUBSTITUTE($E86,";","；"),"；",REPT(" ",100)),301,100)),"") | J86: =IF(ISNUMBER(SEARCH("；",SUBSTITUTE($E86,";","；"))),TRIM(MID(SUBSTITUTE(SUBSTITUTE($E86,";","；"),"；",REPT(" ",100)),401,100)),"") | K86: =IF(ISNUMBER(SEARCH("；",SUBSTITUTE($E86,";","；"))),TRIM(MID(SUBSTITUTE(SUBSTITUTE($E86,";","；"),"；",REPT(" ",100)),501,100)),"") | L86: =IF(ISNUMBER(SEARCH("；",SUBSTITUTE($E86,";","；"))),TRIM(MID(SUBSTITUTE(SUBSTITUTE($E86,";","；"),"；",REPT(" ",100)),601,100)),"") | M86: =IF(ISNUMBER(SEARCH("；",SUBSTITUTE($E86,";","；"))),TRIM(MID(SUBSTITUTE(SUBSTITUTE($E86,";","；"),"；",REPT(" ",100)),701,100)),"") | N86: =IF(ISNUMBER(SEARCH("；",SUBSTITUTE($E86,";","；"))),TRIM(MID(SUBSTITUTE(SUBSTITUTE($E86,";","；"),"；",REPT(" ",100)),801,100)),"") | O86: =IF(ISNUMBER(SEARCH("；",SUBSTITUTE($E86,";","；"))),TRIM(MID(SUBSTITUTE(SUBSTITUTE($E86,";","；"),"；",REPT(" ",100)),901,100)),"") | P86: =IF(AND(配置数据库!$C108="售前填写",INDEX(配置数据库!$G108:$AG108,1,MATCH($B$3,配置数据库!$G$8:$AG$8,0))<>""),SUMPRODUCT((配置数据库!$C$10:$C108="售前填写")*(INDEX(配置数据库!$G$10:$AG108,0,MATCH($B$3,配置数据库!$G$8:$AG$8,0))<>"")),"") | Q86: =IF(AND(配置数据库!$C108="默认配置",INDEX(配置数据库!$G108:$AG108,1,MATCH($B$3,配置数据库!$G$8:$AG$8,0))<>""),SUMPRODUCT((配置数据库!$C$10:$C108="默认配置")*(INDEX(配置数据库!$G$10:$AG108,0,MATCH($B$3,配置数据库!$G$8:$AG$8,0))<>"")),"") -> 40
A87: =IFERROR(INDEX(配置数据库!$A:$A,MATCH(45,$Q:$Q,0)),"") | B87: =IF($A87="","",IFERROR(LEFT(SUBSTITUTE(IFERROR(INDEX(配置数据库!$G:$AG,MATCH(45,$Q:$Q,0),MATCH($B$3,配置数据库!$G$8:$AG$8,0)),""),";","；"),FIND("；",SUBSTITUTE(IFERROR(INDEX(配置数据库!$G:$AG,MATCH(45,$Q:$Q,0),MATCH($B$3,配置数据库!$G$8:$AG$8,0)),""),";","；"))-1),IFERROR(INDEX(配置数据库!$G:$AG,MATCH(45,$Q:$Q,0),MATCH($B$3,配置数据库!$G$8:$AG$8,0)),""))) | C87: =IF($A87="","","自动带出") | D87: =IF($A87="","",IFERROR(INDEX(配置数据库!$B:$B,MATCH(45,$Q:$Q,0)),"")) | E87: =IF($A87="","",IFERROR(INDEX(配置数据库!$G:$AG,MATCH($A87,配置数据库!$A:$A,0),MATCH($B$3,配置数据库!$G$8:$AG$8,0)),"")) | F87: =IF(ISNUMBER(SEARCH("；",SUBSTITUTE($E87,";","；"))),TRIM(MID(SUBSTITUTE(SUBSTITUTE($E87,";","；"),"；",REPT(" ",100)),1,100)),"") | G87: =IF(ISNUMBER(SEARCH("；",SUBSTITUTE($E87,";","；"))),TRIM(MID(SUBSTITUTE(SUBSTITUTE($E87,";","；"),"；",REPT(" ",100)),101,100)),"") | H87: =IF(ISNUMBER(SEARCH("；",SUBSTITUTE($E87,";","；"))),TRIM(MID(SUBSTITUTE(SUBSTITUTE($E87,";","；"),"；",REPT(" ",100)),201,100)),"") | I87: =IF(ISNUMBER(SEARCH("；",SUBSTITUTE($E87,";","；"))),TRIM(MID(SUBSTITUTE(SUBSTITUTE($E87,";","；"),"；",REPT(" ",100)),301,100)),"") | J87: =IF(ISNUMBER(SEARCH("；",SUBSTITUTE($E87,";","；"))),TRIM(MID(SUBSTITUTE(SUBSTITUTE($E87,";","；"),"；",REPT(" ",100)),401,100)),"") | K87: =IF(ISNUMBER(SEARCH("；",SUBSTITUTE($E87,";","；"))),TRIM(MID(SUBSTITUTE(SUBSTITUTE($E87,";","；"),"；",REPT(" ",100)),501,100)),"") | L87: =IF(ISNUMBER(SEARCH("；",SUBSTITUTE($E87,";","；"))),TRIM(MID(SUBSTITUTE(SUBSTITUTE($E87,";","；"),"；",REPT(" ",100)),601,100)),"") | M87: =IF(ISNUMBER(SEARCH("；",SUBSTITUTE($E87,";","；"))),TRIM(MID(SUBSTITUTE(SUBSTITUTE($E87,";","；"),"；",REPT(" ",100)),701,100)),"") | N87: =IF(ISNUMBER(SEARCH("；",SUBSTITUTE($E87,";","；"))),TRIM(MID(SUBSTITUTE(SUBSTITUTE($E87,";","；"),"；",REPT(" ",100)),801,100)),"") | O87: =IF(ISNUMBER(SEARCH("；",SUBSTITUTE($E87,";","；"))),TRIM(MID(SUBSTITUTE(SUBSTITUTE($E87,";","；"),"；",REPT(" ",100)),901,100)),"") | P87: =IF(AND(配置数据库!$C109="售前填写",INDEX(配置数据库!$G109:$AG109,1,MATCH($B$3,配置数据库!$G$8:$AG$8,0))<>""),SUMPRODUCT((配置数据库!$C$10:$C109="售前填写")*(INDEX(配置数据库!$G$10:$AG109,0,MATCH($B$3,配置数据库!$G$8:$AG$8,0))<>"")),"") | Q87: =IF(AND(配置数据库!$C109="默认配置",INDEX(配置数据库!$G109:$AG109,1,MATCH($B$3,配置数据库!$G$8:$AG$8,0))<>""),SUMPRODUCT((配置数据库!$C$10:$C109="默认配置")*(INDEX(配置数据库!$G$10:$AG109,0,MATCH($B$3,配置数据库!$G$8:$AG$8,0))<>"")),"") -> 41
A88: =IFERROR(INDEX(配置数据库!$A:$A,MATCH(46,$Q:$Q,0)),"") | B88: =IF($A88="","",IFERROR(LEFT(SUBSTITUTE(IFERROR(INDEX(配置数据库!$G:$AG,MATCH(46,$Q:$Q,0),MATCH($B$3,配置数据库!$G$8:$AG$8,0)),""),";","；"),FIND("；",SUBSTITUTE(IFERROR(INDEX(配置数据库!$G:$AG,MATCH(46,$Q:$Q,0),MATCH($B$3,配置数据库!$G$8:$AG$8,0)),""),";","；"))-1),IFERROR(INDEX(配置数据库!$G:$AG,MATCH(46,$Q:$Q,0),MATCH($B$3,配置数据库!$G$8:$AG$8,0)),""))) | C88: =IF($A88="","","自动带出") | D88: =IF($A88="","",IFERROR(INDEX(配置数据库!$B:$B,MATCH(46,$Q:$Q,0)),"")) | E88: =IF($A88="","",IFERROR(INDEX(配置数据库!$G:$AG,MATCH($A88,配置数据库!$A:$A,0),MATCH($B$3,配置数据库!$G$8:$AG$8,0)),"")) | F88: =IF(ISNUMBER(SEARCH("；",SUBSTITUTE($E88,";","；"))),TRIM(MID(SUBSTITUTE(SUBSTITUTE($E88,";","；"),"；",REPT(" ",100)),1,100)),"") | G88: =IF(ISNUMBER(SEARCH("；",SUBSTITUTE($E88,";","；"))),TRIM(MID(SUBSTITUTE(SUBSTITUTE($E88,";","；"),"；",REPT(" ",100)),101,100)),"") | H88: =IF(ISNUMBER(SEARCH("；",SUBSTITUTE($E88,";","；"))),TRIM(MID(SUBSTITUTE(SUBSTITUTE($E88,";","；"),"；",REPT(" ",100)),201,100)),"") | I88: =IF(ISNUMBER(SEARCH("；",SUBSTITUTE($E88,";","；"))),TRIM(MID(SUBSTITUTE(SUBSTITUTE($E88,";","；"),"；",REPT(" ",100)),301,100)),"") | J88: =IF(ISNUMBER(SEARCH("；",SUBSTITUTE($E88,";","；"))),TRIM(MID(SUBSTITUTE(SUBSTITUTE($E88,";","；"),"；",REPT(" ",100)),401,100)),"") | K88: =IF(ISNUMBER(SEARCH("；",SUBSTITUTE($E88,";","；"))),TRIM(MID(SUBSTITUTE(SUBSTITUTE($E88,";","；"),"；",REPT(" ",100)),501,100)),"") | L88: =IF(ISNUMBER(SEARCH("；",SUBSTITUTE($E88,";","；"))),TRIM(MID(SUBSTITUTE(SUBSTITUTE($E88,";","；"),"；",REPT(" ",100)),601,100)),"") | M88: =IF(ISNUMBER(SEARCH("；",SUBSTITUTE($E88,";","；"))),TRIM(MID(SUBSTITUTE(SUBSTITUTE($E88,";","；"),"；",REPT(" ",100)),701,100)),"") | N88: =IF(ISNUMBER(SEARCH("；",SUBSTITUTE($E88,";","；"))),TRIM(MID(SUBSTITUTE(SUBSTITUTE($E88,";","；"),"；",REPT(" ",100)),801,100)),"") | O88: =IF(ISNUMBER(SEARCH("；",SUBSTITUTE($E88,";","；"))),TRIM(MID(SUBSTITUTE(SUBSTITUTE($E88,";","；"),"；",REPT(" ",100)),901,100)),"") | P88: =IF(AND(配置数据库!$C110="售前填写",INDEX(配置数据库!$G110:$AG110,1,MATCH($B$3,配置数据库!$G$8:$AG$8,0))<>""),SUMPRODUCT((配置数据库!$C$10:$C110="售前填写")*(INDEX(配置数据库!$G$10:$AG110,0,MATCH($B$3,配置数据库!$G$8:$AG$8,0))<>"")),"") | Q88: =IF(AND(配置数据库!$C110="默认配置",INDEX(配置数据库!$G110:$AG110,1,MATCH($B$3,配置数据库!$G$8:$AG$8,0))<>""),SUMPRODUCT((配置数据库!$C$10:$C110="默认配置")*(INDEX(配置数据库!$G$10:$AG110,0,MATCH($B$3,配置数据库!$G$8:$AG$8,0))<>"")),"") -> 42
A89: =IFERROR(INDEX(配置数据库!$A:$A,MATCH(47,$Q:$Q,0)),"") | B89: =IF($A89="","",IFERROR(LEFT(SUBSTITUTE(IFERROR(INDEX(配置数据库!$G:$AG,MATCH(47,$Q:$Q,0),MATCH($B$3,配置数据库!$G$8:$AG$8,0)),""),";","；"),FIND("；",SUBSTITUTE(IFERROR(INDEX(配置数据库!$G:$AG,MATCH(47,$Q:$Q,0),MATCH($B$3,配置数据库!$G$8:$AG$8,0)),""),";","；"))-1),IFERROR(INDEX(配置数据库!$G:$AG,MATCH(47,$Q:$Q,0),MATCH($B$3,配置数据库!$G$8:$AG$8,0)),""))) | C89: =IF($A89="","","自动带出") | D89: =IF($A89="","",IFERROR(INDEX(配置数据库!$B:$B,MATCH(47,$Q:$Q,0)),"")) | E89: =IF($A89="","",IFERROR(INDEX(配置数据库!$G:$AG,MATCH($A89,配置数据库!$A:$A,0),MATCH($B$3,配置数据库!$G$8:$AG$8,0)),"")) | F89: =IF(ISNUMBER(SEARCH("；",SUBSTITUTE($E89,";","；"))),TRIM(MID(SUBSTITUTE(SUBSTITUTE($E89,";","；"),"；",REPT(" ",100)),1,100)),"") | G89: =IF(ISNUMBER(SEARCH("；",SUBSTITUTE($E89,";","；"))),TRIM(MID(SUBSTITUTE(SUBSTITUTE($E89,";","；"),"；",REPT(" ",100)),101,100)),"") | H89: =IF(ISNUMBER(SEARCH("；",SUBSTITUTE($E89,";","；"))),TRIM(MID(SUBSTITUTE(SUBSTITUTE($E89,";","；"),"；",REPT(" ",100)),201,100)),"") | I89: =IF(ISNUMBER(SEARCH("；",SUBSTITUTE($E89,";","；"))),TRIM(MID(SUBSTITUTE(SUBSTITUTE($E89,";","；"),"；",REPT(" ",100)),301,100)),"") | J89: =IF(ISNUMBER(SEARCH("；",SUBSTITUTE($E89,";","；"))),TRIM(MID(SUBSTITUTE(SUBSTITUTE($E89,";","；"),"；",REPT(" ",100)),401,100)),"") | K89: =IF(ISNUMBER(SEARCH("；",SUBSTITUTE($E89,";","；"))),TRIM(MID(SUBSTITUTE(SUBSTITUTE($E89,";","；"),"；",REPT(" ",100)),501,100)),"") | L89: =IF(ISNUMBER(SEARCH("；",SUBSTITUTE($E89,";","；"))),TRIM(MID(SUBSTITUTE(SUBSTITUTE($E89,";","；"),"；",REPT(" ",100)),601,100)),"") | M89: =IF(ISNUMBER(SEARCH("；",SUBSTITUTE($E89,";","；"))),TRIM(MID(SUBSTITUTE(SUBSTITUTE($E89,";","；"),"；",REPT(" ",100)),701,100)),"") | N89: =IF(ISNUMBER(SEARCH("；",SUBSTITUTE($E89,";","；"))),TRIM(MID(SUBSTITUTE(SUBSTITUTE($E89,";","；"),"；",REPT(" ",100)),801,100)),"") | O89: =IF(ISNUMBER(SEARCH("；",SUBSTITUTE($E89,";","；"))),TRIM(MID(SUBSTITUTE(SUBSTITUTE($E89,";","；"),"；",REPT(" ",100)),901,100)),"") | P89: =IF(AND(配置数据库!$C111="售前填写",INDEX(配置数据库!$G111:$AG111,1,MATCH($B$3,配置数据库!$G$8:$AG$8,0))<>""),SUMPRODUCT((配置数据库!$C$10:$C111="售前填写")*(INDEX(配置数据库!$G$10:$AG111,0,MATCH($B$3,配置数据库!$G$8:$AG$8,0))<>"")),"") | Q89: =IF(AND(配置数据库!$C111="默认配置",INDEX(配置数据库!$G111:$AG111,1,MATCH($B$3,配置数据库!$G$8:$AG$8,0))<>""),SUMPRODUCT((配置数据库!$C$10:$C111="默认配置")*(INDEX(配置数据库!$G$10:$AG111,0,MATCH($B$3,配置数据库!$G$8:$AG$8,0))<>"")),"") -> 43
A90: =IFERROR(INDEX(配置数据库!$A:$A,MATCH(48,$Q:$Q,0)),"") | B90: =IF($A90="","",IFERROR(LEFT(SUBSTITUTE(IFERROR(INDEX(配置数据库!$G:$AG,MATCH(48,$Q:$Q,0),MATCH($B$3,配置数据库!$G$8:$AG$8,0)),""),";","；"),FIND("；",SUBSTITUTE(IFERROR(INDEX(配置数据库!$G:$AG,MATCH(48,$Q:$Q,0),MATCH($B$3,配置数据库!$G$8:$AG$8,0)),""),";","；"))-1),IFERROR(INDEX(配置数据库!$G:$AG,MATCH(48,$Q:$Q,0),MATCH($B$3,配置数据库!$G$8:$AG$8,0)),""))) | C90: =IF($A90="","","自动带出") | D90: =IF($A90="","",IFERROR(INDEX(配置数据库!$B:$B,MATCH(48,$Q:$Q,0)),"")) | E90: =IF($A90="","",IFERROR(INDEX(配置数据库!$G:$AG,MATCH($A90,配置数据库!$A:$A,0),MATCH($B$3,配置数据库!$G$8:$AG$8,0)),"")) | F90: =IF(ISNUMBER(SEARCH("；",SUBSTITUTE($E90,";","；"))),TRIM(MID(SUBSTITUTE(SUBSTITUTE($E90,";","；"),"；",REPT(" ",100)),1,100)),"") | G90: =IF(ISNUMBER(SEARCH("；",SUBSTITUTE($E90,";","；"))),TRIM(MID(SUBSTITUTE(SUBSTITUTE($E90,";","；"),"；",REPT(" ",100)),101,100)),"") | H90: =IF(ISNUMBER(SEARCH("；",SUBSTITUTE($E90,";","；"))),TRIM(MID(SUBSTITUTE(SUBSTITUTE($E90,";","；"),"；",REPT(" ",100)),201,100)),"") | I90: =IF(ISNUMBER(SEARCH("；",SUBSTITUTE($E90,";","；"))),TRIM(MID(SUBSTITUTE(SUBSTITUTE($E90,";","；"),"；",REPT(" ",100)),301,100)),"") | J90: =IF(ISNUMBER(SEARCH("；",SUBSTITUTE($E90,";","；"))),TRIM(MID(SUBSTITUTE(SUBSTITUTE($E90,";","；"),"；",REPT(" ",100)),401,100)),"") | K90: =IF(ISNUMBER(SEARCH("；",SUBSTITUTE($E90,";","；"))),TRIM(MID(SUBSTITUTE(SUBSTITUTE($E90,";","；"),"；",REPT(" ",100)),501,100)),"") | L90: =IF(ISNUMBER(SEARCH("；",SUBSTITUTE($E90,";","；"))),TRIM(MID(SUBSTITUTE(SUBSTITUTE($E90,";","；"),"；",REPT(" ",100)),601,100)),"") | M90: =IF(ISNUMBER(SEARCH("；",SUBSTITUTE($E90,";","；"))),TRIM(MID(SUBSTITUTE(SUBSTITUTE($E90,";","；"),"；",REPT(" ",100)),701,100)),"") | N90: =IF(ISNUMBER(SEARCH("；",SUBSTITUTE($E90,";","；"))),TRIM(MID(SUBSTITUTE(SUBSTITUTE($E90,";","；"),"；",REPT(" ",100)),801,100)),"") | O90: =IF(ISNUMBER(SEARCH("；",SUBSTITUTE($E90,";","；"))),TRIM(MID(SUBSTITUTE(SUBSTITUTE($E90,";","；"),"；",REPT(" ",100)),901,100)),"") | P90: =IF(AND(配置数据库!#REF!="售前填写",INDEX(配置数据库!#REF!,1,MATCH($B$3,配置数据库!$G$8:$AG$8,0))<>""),SUMPRODUCT((配置数据库!$C$10:$C111="售前填写")*(INDEX(配置数据库!$G$10:$AG111,0,MATCH($B$3,配置数据库!$G$8:$AG$8,0))<>"")),"") -> #REF! | Q90: =IF(AND(配置数据库!#REF!="默认配置",INDEX(配置数据库!#REF!,1,MATCH($B$3,配置数据库!$G$8:$AG$8,0))<>""),SUMPRODUCT((配置数据库!$C$10:$C111="默认配置")*(INDEX(配置数据库!$G$10:$AG111,0,MATCH($B$3,配置数据库!$G$8:$AG$8,0))<>"")),"") -> #REF!
A91: =IFERROR(INDEX(配置数据库!$A:$A,MATCH(49,$Q:$Q,0)),"") | B91: =IF($A91="","",IFERROR(LEFT(SUBSTITUTE(IFERROR(INDEX(配置数据库!$G:$AG,MATCH(49,$Q:$Q,0),MATCH($B$3,配置数据库!$G$8:$AG$8,0)),""),";","；"),FIND("；",SUBSTITUTE(IFERROR(INDEX(配置数据库!$G:$AG,MATCH(49,$Q:$Q,0),MATCH($B$3,配置数据库!$G$8:$AG$8,0)),""),";","；"))-1),IFERROR(INDEX(配置数据库!$G:$AG,MATCH(49,$Q:$Q,0),MATCH($B$3,配置数据库!$G$8:$AG$8,0)),""))) | C91: =IF($A91="","","自动带出") | D91: =IF($A91="","",IFERROR(INDEX(配置数据库!$B:$B,MATCH(49,$Q:$Q,0)),"")) | E91: =IF($A91="","",IFERROR(INDEX(配置数据库!$G:$AG,MATCH($A91,配置数据库!$A:$A,0),MATCH($B$3,配置数据库!$G$8:$AG$8,0)),"")) | F91: =IF(ISNUMBER(SEARCH("；",SUBSTITUTE($E91,";","；"))),TRIM(MID(SUBSTITUTE(SUBSTITUTE($E91,";","；"),"；",REPT(" ",100)),1,100)),"") | G91: =IF(ISNUMBER(SEARCH("；",SUBSTITUTE($E91,";","；"))),TRIM(MID(SUBSTITUTE(SUBSTITUTE($E91,";","；"),"；",REPT(" ",100)),101,100)),"") | H91: =IF(ISNUMBER(SEARCH("；",SUBSTITUTE($E91,";","；"))),TRIM(MID(SUBSTITUTE(SUBSTITUTE($E91,";","；"),"；",REPT(" ",100)),201,100)),"") | I91: =IF(ISNUMBER(SEARCH("；",SUBSTITUTE($E91,";","；"))),TRIM(MID(SUBSTITUTE(SUBSTITUTE($E91,";","；"),"；",REPT(" ",100)),301,100)),"") | J91: =IF(ISNUMBER(SEARCH("；",SUBSTITUTE($E91,";","；"))),TRIM(MID(SUBSTITUTE(SUBSTITUTE($E91,";","；"),"；",REPT(" ",100)),401,100)),"") | K91: =IF(ISNUMBER(SEARCH("；",SUBSTITUTE($E91,";","；"))),TRIM(MID(SUBSTITUTE(SUBSTITUTE($E91,";","；"),"；",REPT(" ",100)),501,100)),"") | L91: =IF(ISNUMBER(SEARCH("；",SUBSTITUTE($E91,";","；"))),TRIM(MID(SUBSTITUTE(SUBSTITUTE($E91,";","；"),"；",REPT(" ",100)),601,100)),"") | M91: =IF(ISNUMBER(SEARCH("；",SUBSTITUTE($E91,";","；"))),TRIM(MID(SUBSTITUTE(SUBSTITUTE($E91,";","；"),"；",REPT(" ",100)),701,100)),"") | N91: =IF(ISNUMBER(SEARCH("；",SUBSTITUTE($E91,";","；"))),TRIM(MID(SUBSTITUTE(SUBSTITUTE($E91,";","；"),"；",REPT(" ",100)),801,100)),"") | O91: =IF(ISNUMBER(SEARCH("；",SUBSTITUTE($E91,";","；"))),TRIM(MID(SUBSTITUTE(SUBSTITUTE($E91,";","；"),"；",REPT(" ",100)),901,100)),"") | P91: =IF(AND(配置数据库!#REF!="售前填写",INDEX(配置数据库!#REF!,1,MATCH($B$3,配置数据库!$G$8:$AG$8,0))<>""),SUMPRODUCT((配置数据库!$C$10:$C111="售前填写")*(INDEX(配置数据库!$G$10:$AG111,0,MATCH($B$3,配置数据库!$G$8:$AG$8,0))<>"")),"") -> #REF! | Q91: =IF(AND(配置数据库!#REF!="默认配置",INDEX(配置数据库!#REF!,1,MATCH($B$3,配置数据库!$G$8:$AG$8,0))<>""),SUMPRODUCT((配置数据库!$C$10:$C111="默认配置")*(INDEX(配置数据库!$G$10:$AG111,0,MATCH($B$3,配置数据库!$G$8:$AG$8,0))<>"")),"") -> #REF!
A92: =IFERROR(INDEX(配置数据库!$A:$A,MATCH(50,$Q:$Q,0)),"") | B92: =IF($A92="","",IFERROR(LEFT(SUBSTITUTE(IFERROR(INDEX(配置数据库!$G:$AG,MATCH(50,$Q:$Q,0),MATCH($B$3,配置数据库!$G$8:$AG$8,0)),""),";","；"),FIND("；",SUBSTITUTE(IFERROR(INDEX(配置数据库!$G:$AG,MATCH(50,$Q:$Q,0),MATCH($B$3,配置数据库!$G$8:$AG$8,0)),""),";","；"))-1),IFERROR(INDEX(配置数据库!$G:$AG,MATCH(50,$Q:$Q,0),MATCH($B$3,配置数据库!$G$8:$AG$8,0)),""))) | C92: =IF($A92="","","自动带出") | D92: =IF($A92="","",IFERROR(INDEX(配置数据库!$B:$B,MATCH(50,$Q:$Q,0)),"")) | E92: =IF($A92="","",IFERROR(INDEX(配置数据库!$G:$AG,MATCH($A92,配置数据库!$A:$A,0),MATCH($B$3,配置数据库!$G$8:$AG$8,0)),"")) | F92: =IF(ISNUMBER(SEARCH("；",SUBSTITUTE($E92,";","；"))),TRIM(MID(SUBSTITUTE(SUBSTITUTE($E92,";","；"),"；",REPT(" ",100)),1,100)),"") | G92: =IF(ISNUMBER(SEARCH("；",SUBSTITUTE($E92,";","；"))),TRIM(MID(SUBSTITUTE(SUBSTITUTE($E92,";","；"),"；",REPT(" ",100)),101,100)),"") | H92: =IF(ISNUMBER(SEARCH("；",SUBSTITUTE($E92,";","；"))),TRIM(MID(SUBSTITUTE(SUBSTITUTE($E92,";","；"),"；",REPT(" ",100)),201,100)),"") | I92: =IF(ISNUMBER(SEARCH("；",SUBSTITUTE($E92,";","；"))),TRIM(MID(SUBSTITUTE(SUBSTITUTE($E92,";","；"),"；",REPT(" ",100)),301,100)),"") | J92: =IF(ISNUMBER(SEARCH("；",SUBSTITUTE($E92,";","；"))),TRIM(MID(SUBSTITUTE(SUBSTITUTE($E92,";","；"),"；",REPT(" ",100)),401,100)),"") | K92: =IF(ISNUMBER(SEARCH("；",SUBSTITUTE($E92,";","；"))),TRIM(MID(SUBSTITUTE(SUBSTITUTE($E92,";","；"),"；",REPT(" ",100)),501,100)),"") | L92: =IF(ISNUMBER(SEARCH("；",SUBSTITUTE($E92,";","；"))),TRIM(MID(SUBSTITUTE(SUBSTITUTE($E92,";","；"),"；",REPT(" ",100)),601,100)),"") | M92: =IF(ISNUMBER(SEARCH("；",SUBSTITUTE($E92,";","；"))),TRIM(MID(SUBSTITUTE(SUBSTITUTE($E92,";","；"),"；",REPT(" ",100)),701,100)),"") | N92: =IF(ISNUMBER(SEARCH("；",SUBSTITUTE($E92,";","；"))),TRIM(MID(SUBSTITUTE(SUBSTITUTE($E92,";","；"),"；",REPT(" ",100)),801,100)),"") | O92: =IF(ISNUMBER(SEARCH("；",SUBSTITUTE($E92,";","；"))),TRIM(MID(SUBSTITUTE(SUBSTITUTE($E92,";","；"),"；",REPT(" ",100)),901,100)),"") | P92: =IF(AND(配置数据库!$C112="售前填写",INDEX(配置数据库!$G112:$AG112,1,MATCH($B$3,配置数据库!$G$8:$AG$8,0))<>""),SUMPRODUCT((配置数据库!$C$10:$C112="售前填写")*(INDEX(配置数据库!$G$10:$AG112,0,MATCH($B$3,配置数据库!$G$8:$AG$8,0))<>"")),"") | Q92: =IF(AND(配置数据库!$C112="默认配置",INDEX(配置数据库!$G112:$AG112,1,MATCH($B$3,配置数据库!$G$8:$AG$8,0))<>""),SUMPRODUCT((配置数据库!$C$10:$C112="默认配置")*(INDEX(配置数据库!$G$10:$AG112,0,MATCH($B$3,配置数据库!$G$8:$AG$8,0))<>"")),"") -> 44
